Taille image;Nombre de points;Cycles scalaire;Cycles SIMD naif;Cycles SIMD opti;Cycles SIMD fusion;
3x3;9;1537;6424;7423;2060;
4x4;16;2348;5774;2813;1811;
5x5;25;2754;6657;3055;1939;
6x6;36;3419;7856;3475;2216;
7x7;49;4236;9062;3695;2598;
8x8;64;5073;10260;3950;2713;
9x9;81;5888;11472;4106;2958;
10x10;100;6972;12661;4365;3304;
11x11;121;8135;13869;4615;3422;
12x12;144;9322;15066;4887;3653;
13x13;169;10893;16266;5140;4039;
14x14;196;12018;17476;5406;4173;
15x15;225;13812;18676;5665;4400;
16x16;256;15833;19884;5936;4784;
17x17;289;17688;21068;6170;4906;
18x18;324;19438;22356;6482;5144;
19x19;361;21818;23544;6702;5527;
20x20;400;24011;24716;6000;4844;
21x21;441;22598;22236;6250;5060;
22x22;484;24891;23266;6514;5376;
23x23;529;27160;24295;6688;5459;
24x24;576;29174;25363;7007;8624;
25x25;625;31527;30206;7149;6023;
26x26;676;34292;27379;7430;8302;
27x27;729;38499;28416;7595;6344;
28x28;784;39107;29443;7855;6630;
29x29;841;41854;30474;8044;6770;
30x30;900;44688;31499;8300;6984;
31x31;961;47881;39202;10570;9034;
32x32;1024;68046;33554;8750;7423;
33x33;1089;58501;34582;8942;7602;
34x34;1156;57663;35609;9203;13028;
35x35;1225;60938;36648;9385;13472;
36x36;1296;63808;37676;9658;13556;
37x37;1369;67558;38700;9841;14283;
38x38;1444;71266;39843;10120;8688;
39x39;1521;73474;40756;10293;11267;
40x40;1600;78599;41785;10556;15011;
41x41;1681;82159;42814;10733;9311;
42x42;1764;68141;45012;11007;9518;
43x43;1849;90162;44878;12140;10840;
44x44;1936;69515;33822;12256;15852;
45x45;2025;72587;46940;12273;15950;
46x46;2116;102722;47976;12674;15346;
47x47;2209;78902;36101;12096;11606;
48x48;2304;82287;38778;13174;11776;
49x49;2401;85720;37645;13257;13152;
50x50;2500;120812;59027;12804;11241;
51x51;2601;92663;53100;13008;11436;
52x52;2704;134730;59500;16030;13884;
53x53;2809;135503;55187;13449;11884;
54x54;2916;140434;41413;13696;12100;
55x55;3025;107242;42164;13888;12400;
56x56;3136;111320;58245;14158;12542;
57x57;3249;163606;69654;20921;12755;
58x58;3364;124075;60303;14604;20495;
59x59;3481;167545;61338;14786;20390;
60x60;3600;130430;45956;15684;15348;
61x61;3721;209540;117361;27833;25104;
62x62;3844;275542;112196;26236;23103;
63x63;3969;285695;113957;26566;23407;
64x64;4096;294316;115408;26812;23650;
65x65;4225;301217;99974;19612;22638;
66x66;4356;210961;85698;22341;17632;
67x67;4489;215795;86370;26286;18235;
68x68;4624;220563;88321;27162;18368;
69x69;4761;281434;104703;26576;18568;
70x70;4900;273114;123999;28633;25022;
71x71;5041;263089;72114;17205;15164;
72x72;5184;199412;53809;12922;11452;
73x73;5329;204702;54529;15228;15314;
74x74;5476;256106;90398;18300;23818;
75x75;5625;216011;75988;18034;17833;
76x76;5776;300402;76720;18000;16041;
77x77;5929;227140;95056;28581;26073;
78x78;6084;245449;82212;18446;26719;
79x79;6241;206218;83242;18606;27562;
80x80;6400;211816;85664;20642;26828;
81x81;6561;251136;119416;24338;27572;
82x82;6724;257102;102092;30393;28188;
83x83;6889;263460;103412;19494;28033;
84x84;7056;232794;91745;30474;28742;
85x85;7225;238430;90226;21473;22324;
86x86;7396;287717;106582;33337;29723;
87x87;7569;289111;112228;33352;30158;
88x88;7744;265795;65646;20902;21906;
89x89;7921;323030;66344;21135;18846;
90x90;8100;267704;100364;26166;23793;
91x91;8281;460200;116806;26734;24088;
92x92;8464;444940;102981;27374;30242;
93x93;8649;501454;125836;37023;33133;
94x94;8836;501702;133354;22426;25722;
95x95;9025;297848;70626;22330;19924;
96x96;9216;304386;93110;22507;20256;
97x97;9409;359214;72150;22692;20619;
98x98;9604;367131;98822;23082;20533;
99x99;9801;373890;73568;23104;20855;
100x100;10000;381606;74298;28304;20942;
101x101;10201;389194;75256;23762;21300;
102x102;10404;538794;103116;24070;21496;
103x103;10609;349427;76704;24238;21756;
104x104;10816;356289;105170;24617;21889;
105x105;11025;372659;106169;31163;27157;
106x106;11236;498912;117878;24966;16588;
107x107;11449;376721;79665;18578;21819;
108x108;11664;452310;80276;18605;20203;
109x109;11881;465890;120994;25420;23135;
110x110;12100;539918;81736;18916;17147;
111x111;12321;471480;109528;25827;23517;
112x112;12544;414838;83216;26077;23558;
113x113;12769;482956;97489;26266;23612;
114x114;12996;430033;84672;26551;23845;
115x115;13225;450226;85461;26712;24337;
116x116;13456;531034;117028;26941;24469;
117x117;13689;601211;86926;27125;24601;
118x118;13924;558548;87707;27394;24768;
119x119;14161;468206;88349;27558;24984;
120x120;14400;476130;89086;27806;24984;
121x121;14641;495856;99268;33475;30422;
122x122;14884;737368;90499;33656;30674;
123x123;15129;579331;80430;32019;31225;
124x124;15376;551240;109618;28692;26076;
125x125;15625;597824;92800;28934;26006;
126x126;15876;528582;93580;35939;41525;
127x127;16129;599655;127992;29460;26777;
128x128;16384;553152;95042;22426;19784;
129x129;16641;557368;99178;37508;34120;
130x130;16900;625458;100469;52254;47129;
131x131;17161;575954;101192;43584;47426;
132x132;17424;698718;151630;83405;81682;
133x133;17689;756088;114887;57508;48224;
134x134;17956;604821;103528;53348;47135;
135x135;18225;679702;104248;53860;48746;
136x136;18496;621574;90642;39914;36226;
137x137;18769;640534;133429;40235;38857;
138x138;19044;752215;154563;54926;49757;
139x139;19321;763573;107259;55378;37019;
140x140;19600;672652;93296;41079;37076;
141x141;19881;685050;186966;96740;84862;
142x142;20164;1019612;109514;56275;51166;
143x143;20449;752822;142032;63478;56668;
144x144;20736;717855;111130;68845;51675;
145x145;21025;727436;111850;57352;52169;
146x146;21316;735994;97151;42610;51066;
147x147;21609;866180;113360;42894;44654;
148x148;21904;761852;101126;43597;45714;
149x149;22201;885873;152757;59244;53622;
150x150;22500;1007689;176754;59606;57899;
151x151;22801;790182;123576;59867;53701;
152x152;23104;930932;117405;60392;54586;
153x153;23409;1047888;112705;44648;40638;
154x154;23716;956224;118840;60880;40668;
155x155;24025;968973;141624;44970;44727;
156x156;24336;893768;163186;61435;55999;
157x157;24649;1034676;104624;45803;41669;
158x158;24964;1011107;121782;45988;48984;
159x159;25281;1094538;134508;62924;57084;
160x160;25600;987354;125163;63246;42458;
161x161;25921;909260;106985;63786;42464;
162x162;26244;990036;124678;63577;58013;
163x163;26569;1100393;125374;47150;43096;
164x164;26896;1133140;171621;64603;58732;
165x165;27225;958122;128612;47850;43562;
166x166;27556;1122504;110505;48036;43924;
167x167;27889;983313;110954;48246;57894;
168x168;28224;1139277;111648;65854;60068;
169x169;28561;1009173;149704;66414;60366;
170x170;28900;1226744;112983;49116;44722;
171x171;29241;1036777;113514;66974;60993;
172x172;29584;1046604;114194;49522;45273;
173x173;29929;1108870;133043;68008;61944;
174x174;30276;1293004;181830;70044;62232;
175x175;30625;1255382;116066;50228;46042;
176x176;30976;1099120;135206;68819;62823;
177x177;31329;1366910;117444;50856;63208;
178x178;31684;1124063;117960;50974;46706;
179x179;32041;1171238;186402;69386;63672;
180x180;32400;1354808;121496;51402;47150;
181x181;32761;1237159;138942;67610;72782;
182x182;33124;1179689;120646;73342;67207;
183x183;33489;1353374;121416;74900;55500;
184x184;33856;1354394;191550;110862;65481;
185x185;34225;1376382;122540;62653;68092;
186x186;34596;1237522;123203;57060;66146;
187x187;34969;1483426;123877;53352;49140;
188x188;35344;1289516;185064;80940;72586;
189x189;35721;1460736;159426;73124;49450;
190x190;36100;1304572;145936;54268;49928;
191x191;36481;1402916;146430;54744;50036;
192x192;36864;1417492;127096;54589;50168;
193x193;37249;1394655;142650;53079;48480;
194x194;37636;1551446;143562;71811;65891;
195x195;38025;1603194;126999;53224;48724;
196x196;38416;1479515;144676;72389;49024;
197x197;38809;1392958;125580;53552;49155;
198x198;39204;1615042;146521;74063;67436;
199x199;39601;1424885;127058;54592;50017;
200x200;40000;1738702;147815;74818;68060;
201x201;40401;1508270;178346;74545;68351;
202x202;40804;1551856;128998;55340;50804;
203x203;41209;1563357;129520;78878;70987;
204x204;41616;1690350;132245;77196;71664;
205x205;42025;1581348;156616;76052;75384;
206x206;42436;1605322;136245;56310;69854;
207x207;42849;1929770;132020;56666;70227;
208x208;43264;1811062;132781;56976;52058;
209x209;43681;1807158;133206;57072;52134;
210x210;44100;1805833;154972;57329;52392;
211x211;44521;1743845;232051;78168;71547;
212x212;44944;1679522;212306;78529;71754;
213x213;45369;1715112;136364;58787;53657;
214x214;45796;1736016;136996;59106;73304;
215x215;46225;1746551;159360;59320;54130;
216x216;46656;1778117;160094;59588;54388;
217x217;47089;1826902;160812;59871;54732;
218x218;47524;1819121;161533;60138;74459;
219x219;47961;2257904;256985;95663;87319;
220x220;48400;1944684;162997;60620;55486;
221x221;48841;1816328;163801;60908;53101;
222x222;49284;1884422;166660;61154;55872;
223x223;49729;1978746;142688;61410;56040;
224x224;50176;1926512;351060;130162;118915;
225x225;50625;1958798;166646;61946;56432;
226x226;51076;1940396;227362;84296;77257;
227x227;51529;1974332;168147;62465;57069;
228x228;51984;1959027;229170;84998;77778;
229x229;52441;1970849;169564;85332;57656;
230x230;52900;1983714;147098;63173;57783;
231x231;53361;1998016;177438;73386;58051;
232x232;53824;2006853;171992;63830;58406;
233x233;54289;2019328;193310;77107;79512;
234x234;54756;2108974;151612;64364;58786;
235x235;55225;2097420;196833;64614;59106;
236x236;55696;2283157;150902;64728;59280;
237x237;56169;2127672;151540;58882;56970;
238x238;56644;2122846;152160;60309;55208;
239x239;57121;2128451;152802;56632;60018;
240x240;57600;2231119;241108;65750;60255;
241x241;58081;2220313;154067;66345;70155;
242x242;58564;2193309;154720;59736;64557;
243x243;59049;2263030;179846;79182;70348;
244x244;59536;2302602;180600;66862;61359;
245x245;60025;2540649;181298;60190;61478;
246x246;60516;2395617;182065;67473;61726;
247x247;61009;2369850;164180;67666;62069;
248x248;61504;2361328;158490;67900;62085;
249x249;62001;2496830;184230;68174;62460;
250x250;62500;2466468;159764;68534;55886;
251x251;63001;2448957;238863;68683;85474;
252x252;63504;2409549;253059;91104;63214;
253x253;64009;2485821;161666;69282;63576;
254x254;64516;2501342;187943;69404;97346;
255x255;65025;2440114;162909;60293;55250;
256x256;65536;2438762;189372;60622;55565;
257x257;66049;2483404;277678;150324;93020;
258x258;66564;2479732;240532;95419;80446;
259x259;67081;2637027;279836;101012;80896;
260x260;67600;2589834;242520;87526;81254;
261x261;68121;2631237;247055;138102;94216;
262x262;68644;2686990;247070;88340;94760;
263x263;69169;2642722;283776;102515;82219;
264x264;69696;2920233;246262;89039;82353;
265x265;70225;2678640;250392;103390;95812;
266x266;70756;2683732;248090;89638;92955;
267x267;71289;3122392;288303;104182;83180;
268x268;71824;2837176;249836;90192;136262;
269x269;72361;2850796;290412;104836;131834;
270x270;72900;2744438;251881;90950;84180;
271x271;73441;2957886;252797;91194;84595;
272x272;73984;2855137;253710;91540;84776;
273x273;74529;2972756;254638;91902;85085;
274x274;75076;2957326;401623;144946;85527;
275x275;75625;2943234;256534;92562;85699;
276x276;76176;2942077;298054;107548;135505;
277x277;76729;3247124;258282;93141;86570;
278x278;77284;3038039;300137;93480;86767;
279x279;77841;2980218;260148;108770;87068;
280x280;78400;3293284;302252;94174;87562;
281x281;78961;3048474;426687;159226;158232;
282x282;79524;3071062;304382;123056;101654;
283x283;80089;3006972;263809;95028;88246;
284x284;80656;3125995;306598;110646;102392;
285x285;81225;3070940;265694;110994;88742;
286x286;81796;3172009;419007;150876;103252;
287x287;82369;3135906;267342;96565;89340;
288x288;82944;3191389;310864;112112;106548;
289x289;83521;3237316;269192;97289;90294;
290x290;84100;3157218;270120;97572;104828;
291x291;84681;3216681;271234;97916;90734;
292x292;85264;3312187;271950;98084;94181;
293x293;85849;3315916;272899;111720;91330;
294x294;86436;3288497;274024;98786;91712;
295x295;87025;3366796;318412;99116;92139;
296x296;87616;3489619;319410;115336;106680;
297x297;88209;3340818;365170;115636;107292;
298x298;88804;3351428;277743;100118;92892;
299x299;89401;3459948;438044;100472;93050;
300x300;90000;3462126;323700;116708;108086;
301x301;90601;3707546;280532;100980;94015;
302x302;91204;3522624;281451;101330;93967;
303x303;91809;3607984;282336;101690;94298;
304x304;92416;3667650;283292;102082;94738;
305x305;93025;3956328;284235;102390;95095;
306x306;93636;3686698;285176;102664;95201;
307x307;94249;3711717;287702;102948;95844;
308x308;94864;3654798;287009;103307;96010;
309x309;95481;3769751;287774;103619;96283;
310x310;96100;3823473;288854;104001;96744;
311x311;96721;3795122;289793;104355;96928;
312x312;97344;3822829;290694;104454;97248;
313x313;97969;3675306;291653;328947;97636;
314x314;98596;3755714;292580;105158;97798;
315x315;99225;3816910;688497;215846;121147;
316x316;99856;4108078;340918;122536;114122;
317x317;100489;3812584;295360;106105;98719;
318x318;101124;3856401;296284;106451;99046;
319x319;101761;3907080;297194;106870;99480;
320x320;102400;3934916;298150;107271;116891;
321x321;103041;4261720;291558;104824;96970;
322x322;103684;4225848;292486;121612;97184;
323x323;104329;4071457;293382;105408;112890;
324x324;104976;4001015;294287;105826;97949;
325x325;105625;4252880;341522;122562;113549;
326x326;106276;4045258;295836;120622;98176;
327x327;106929;4329687;296738;106744;98475;
328x328;107584;4226303;297464;107066;98918;
329x329;108241;4348931;298327;107390;99103;
330x330;108900;4432590;299441;107412;99378;
331x331;109561;4406368;300312;107860;99814;
332x332;110224;4183232;301222;108324;99942;
333x333;110889;4191391;302172;108641;100254;
334x334;111556;4417213;350922;126153;116578;
335x335;112225;4314291;303984;109100;100841;
336x336;112896;4621038;304689;126688;119069;
337x337;113569;4520058;308158;109646;101570;
338x338;114244;4359631;306680;110060;101830;
339x339;114921;4609744;307580;110302;102038;
340x340;115600;4656272;308472;110682;102468;
341x341;116281;4550830;309388;111080;102634;
342x342;116964;4478884;310307;111124;109134;
343x343;117649;4629652;311204;111563;103556;
344x344;118336;4493632;312292;111827;103706;
345x345;119025;4963767;313182;112218;104028;
346x346;119716;4534103;313881;112570;104452;
347x347;120409;4594579;314982;112955;104634;
348x348;121104;4699981;315871;113228;104914;
349x349;121801;4602398;316780;113313;105350;
350x350;122500;4667804;317585;113810;105480;
351x351;123201;4776538;318568;113984;105600;
352x352;123904;4759387;319225;114413;106160;
353x353;124609;4880243;320171;114803;106397;
354x354;125316;4750493;321348;115152;106702;
355x355;126025;4783830;322210;115405;107146;
356x356;126736;4871301;323035;115466;107321;
357x357;127449;4827422;324008;116079;107561;
358x358;128164;4925448;324929;116368;108022;
359x359;128881;4938472;325836;116616;108189;
360x360;129600;4958352;326754;116956;108266;
361x361;130321;5046498;327640;117263;108940;
362x362;131044;4917318;328298;117666;109046;
363x363;131769;4873733;329439;117990;109364;
364x364;132496;5093824;330117;118072;109790;
365x365;133225;4947283;331260;118502;109952;
366x366;133956;5323841;384606;137676;110314;
367x367;134689;5010296;333038;119148;110739;
368x368;135424;5061181;333974;119594;110843;
369x369;136161;5326751;334864;119790;110952;
370x370;136900;5254904;335754;120079;111542;
371x371;137641;5401130;336683;120424;111722;
372x372;138384;5322553;337592;120243;111830;
373x373;139129;5325736;338006;121100;112228;
374x374;139876;6043598;339161;121334;112384;
375x375;140625;5371407;340288;121700;112908;
376x376;141376;5236380;341205;121926;113336;
377x377;142129;5509018;342110;122240;113430;
378x378;142884;5438751;343022;122173;113778;
379x379;143641;5478030;343915;122878;114218;
380x380;144400;5436752;344958;123226;114366;
381x381;145161;5954045;345738;123085;114658;
382x382;145924;5596580;346622;123400;115124;
383x383;146689;5612922;347540;124166;115276;
384x384;147456;5562398;348422;124536;115576;
385x385;148225;5797530;488946;163994;188757;
386x386;148996;5629260;483413;164427;189146;
387x387;149769;5756791;483765;164939;219360;
388x388;150544;5907293;478311;191072;220184;
389x389;151321;5839642;479378;165634;190457;
390x390;152100;5937093;487558;166066;190927;
391x391;152881;5838404;481848;166470;222306;
392x392;153664;5829901;503672;166919;192082;
393x393;154449;5931904;499187;167280;192421;
394x394;155236;5792066;492524;193304;223613;
395x395;156025;5902089;494229;168165;193551;
396x396;156816;5836392;488034;168509;193853;
397x397;157609;5942990;503942;265498;305695;
398x398;158404;5899044;505188;169399;194910;
399x399;159201;5921660;484422;169794;195328;
400x400;160000;6161520;611894;285937;196054;
401x401;160801;6013826;493908;170833;196278;
402x402;161604;6061725;503414;171144;196942;
403x403;162409;6052314;511779;198553;228606;
404x404;163216;6168453;513021;171876;197757;
405x405;164025;6078560;514262;172349;198547;
406x406;164836;6852517;846849;172741;198978;
407x407;165649;6235070;523309;173112;230828;
408x408;166464;6227114;502772;173620;199771;
409x409;167281;6327370;524843;174040;200370;
410x410;168100;6228176;521081;201994;200998;
411x411;168921;6561618;514666;174776;336193;
412x412;169744;6419690;523186;203062;233514;
413x413;170569;6437486;524443;175734;202034;
414x414;171396;6467360;518389;176070;202666;
415x415;172225;6523117;601660;176534;203108;
416x416;173056;6552327;520626;204854;235548;
417x417;173889;6594060;513842;177382;203826;
418x418;174724;6671692;515525;177815;204830;
419x419;175561;6627281;532050;178202;204860;
420x420;176400;6702538;617466;206842;205528;
421x421;177241;6675312;519708;186223;205928;
422x422;178084;6942447;629678;179498;206443;
423x423;178929;7412985;621908;179920;207195;
424x424;179776;6904367;573454;208797;267501;
425x425;180625;6786460;539642;209268;240641;
426x426;181476;7003389;532446;181248;241580;
427x427;182329;6753576;526168;181603;209258;
428x428;183184;6914838;543456;181923;209631;
429x429;184041;7118875;528590;182456;210021;
430x430;184900;7090648;529786;182772;210608;
431x431;185761;7048522;531020;183169;210971;
432x432;186624;7098008;524623;183596;211243;
433x433;187489;7240270;525602;183900;212128;
434x434;188356;7427257;542616;184554;212362;
435x435;189225;7395887;621348;184956;212718;
436x436;190096;7212856;631786;185340;213570;
437x437;190969;7151551;644806;215196;214056;
438x438;191844;7551408;625674;185856;214404;
439x439;192721;7329783;540516;186468;215065;
440x440;193600;7383622;550548;186618;215272;
441x441;194481;7391472;551800;187356;215812;
442x442;195364;7541783;560908;187668;216536;
443x443;196249;7451996;553254;188311;216816;
444x444;197136;7334396;562624;218434;251588;
445x445;198025;7584964;557052;188906;217996;
446x446;198916;7754401;542092;189424;218150;
447x447;199809;7743226;567446;189829;218706;
448x448;200704;7449325;543714;190315;219432;
449x449;201601;7509808;537553;186753;215440;
450x450;202500;8045379;551926;187185;215988;
451x451;203401;7813170;561640;187663;216580;
452x452;204304;7634912;546068;187986;216888;
453x453;205209;7570802;555286;188325;217298;
454x454;206116;7777086;557335;188816;218152;
455x455;207025;7699532;549498;189307;218268;
456x456;207936;7745876;550692;189667;218886;
457x457;208849;7810900;559934;190053;219468;
458x458;209764;8892705;562557;190414;219647;
459x459;210681;8648395;562955;190814;220176;
460x460;211600;8181139;564136;191376;221019;
461x461;212521;8123990;565345;191891;221408;
462x462;213444;8268170;564646;192152;221582;
463x463;214369;8366354;568333;192505;222246;
464x464;215296;8201369;560778;192924;222648;
465x465;216225;8230602;578956;193372;223146;
466x466;217156;8443068;580226;193852;223808;
467x467;218089;8623811;572148;193980;223996;
468x468;219024;8402228;654318;225070;224558;
469x469;219961;8265384;571160;194784;225168;
470x470;220900;8835140;584670;195364;225312;
471x471;221841;8501275;586176;195796;225698;
472x472;222784;8507416;569714;196278;226414;
473x473;223729;8737018;588727;196554;226873;
474x474;224676;8548212;581562;197002;227334;
475x475;225625;8771408;589728;197523;228144;
476x476;226576;8537490;592676;197839;228542;
477x477;227529;8691419;596334;198408;229020;
478x478;228484;8808932;586994;198712;229626;
479x479;229441;8704719;596676;199022;229816;
480x480;230400;8772988;597916;199430;230174;
481x481;231361;8934866;592677;199866;230792;
482x482;232324;8922139;591650;200418;231674;
483x483;233289;9004229;583500;200791;231868;
484x484;234256;8917171;584208;201202;232480;
485x485;235225;8925520;595014;201410;232735;
486x486;236196;8877156;587111;201864;233140;
487x487;237169;9181163;595223;202282;233706;
488x488;238144;8946892;598913;202741;233956;
489x489;239121;9101470;600408;203058;234556;
490x490;240100;9060001;591907;203528;235254;
491x491;241081;9274016;592835;203900;235587;
492x492;242064;9175535;612844;204396;238979;
493x493;243049;9262720;604794;204828;236652;
494x494;244036;9261620;606298;208555;237005;
495x495;245025;9381062;607782;205506;237350;
496x496;246016;9164969;617814;206061;238164;
497x497;247009;9080614;618767;206376;238206;
498x498;248004;9227792;610410;206807;238948;
499x499;249001;9603406;611298;207328;239568;
500x500;250000;9481164;620647;207614;240084;
501x501;251001;9563576;595738;208035;240166;
502x502;252004;9672506;625043;208346;240849;
503x503;253009;9644885;646712;208808;241166;
504x504;254016;9551930;600016;209222;241683;
505x505;255025;9758764;618696;209768;242261;
506x506;256036;9656374;619666;210164;242739;
507x507;257049;9617990;612159;210427;243216;
508x508;258064;9788450;632326;210664;243832;
509x509;259081;9806668;605716;211222;244034;
510x510;260100;9781896;615831;211614;244434;
511x511;261121;10272740;617025;211744;245334;
512x512;262144;9690973;628738;212724;245598;
513x513;263169;9793594;748715;264714;342430;
514x514;264196;9907414;750075;266168;343520;
515x515;265225;10011950;751242;266490;343826;
516x516;266256;10092927;752994;266564;344582;
517x517;267289;10015896;754630;267151;348184;
518x518;268324;9972127;755578;267308;345558;
519x519;269361;10004350;757281;268368;346408;
520x520;270400;10262401;758714;268568;346782;
521x521;271441;10152170;760178;269178;347102;
522x522;272484;10248236;761933;269638;348651;
523x523;273529;10198769;765816;659346;349470;
524x524;274576;10215666;764495;270100;349254;
525x525;275625;10236672;765998;270628;350357;
526x526;276676;10386402;767406;271070;351084;
527x527;277729;10460828;768858;271554;351242;
528x528;278784;11390667;773133;272178;352309;
529x529;279841;10877966;783200;272906;352936;
530x530;280900;10821550;773444;273142;353450;
531x531;281961;10462928;774724;273915;354078;
532x532;283024;11572820;785904;317704;410824;
533x533;284089;13261414;936904;317989;355056;
534x534;285156;13424344;851487;318906;356962;
535x535;286225;10507853;780917;276300;356975;
536x536;287296;10665439;784794;276878;357344;
537x537;288369;10818623;783598;277212;358244;
538x538;289444;10587448;785262;277470;359060;
539x539;290521;10767862;786378;278070;359538;
540x540;291600;10923000;787796;278534;360804;
541x541;292681;10764976;788408;279058;361164;
542x542;293764;10745506;790724;279614;361701;
543x543;294849;10985564;791269;279775;362304;
544x544;295936;11283306;793654;280486;362705;
545x545;297025;10909070;795438;281200;363304;
546x546;298116;10902990;796560;281487;364118;
547x547;299209;11084458;798386;282004;364686;
548x548;300304;10942578;799460;282468;365038;
549x549;301401;11036898;801274;282868;366540;
550x550;302500;11231656;805850;283310;366916;
551x551;303601;11364078;803878;283796;367238;
552x552;304704;11094670;805734;284283;368486;
553x553;305809;11194052;807250;285482;369095;
554x554;306916;11522379;808372;286074;428016;
555x555;308025;11288736;809752;286488;370850;
556x556;309136;11665938;811114;286658;370892;
557x557;310249;11323589;812575;287278;371400;
558x558;311364;11351490;814024;287650;372268;
559x559;312481;11617949;815482;287818;372706;
560x560;313600;11677010;825473;289030;373353;
561x561;314721;12009124;818766;289594;374304;
562x562;315844;11841406;819856;289502;375154;
563x563;316969;12002157;821344;290118;375206;
564x564;318096;12339593;822477;290882;376602;
565x565;319225;11796452;823812;291113;377229;
566x566;320356;12141888;825390;291711;377368;
567x567;321489;12000896;826861;292186;378262;
568x568;322624;11829668;828635;292972;378753;
569x569;323761;11834080;838990;293267;379280;
570x570;324900;11860406;831893;293683;380763;
571x571;326041;12158136;832814;294282;380896;
572x572;327184;12083760;834219;295204;381615;
573x573;328329;12330628;835714;295606;382502;
574x574;329476;12497235;837370;296076;382977;
575x575;330625;12400580;838846;296638;383470;
576x576;331776;12141994;840626;296993;384602;
577x577;332929;12795422;828154;292391;380050;
578x578;334084;12451360;829751;292504;380121;
579x579;335241;12404704;830948;293112;381080;
580x580;336400;12717455;832509;293652;381659;
581x581;337561;12368466;834087;294406;382265;
582x582;338724;12668542;835392;295116;383044;
583x583;339889;12641700;836871;342396;383704;
584x584;341056;12540055;847000;296056;383959;
585x585;342225;12646455;857893;296280;385020;
586x586;343396;12871475;845181;296761;385568;
587x587;344569;12920532;842546;297225;386224;
588x588;345744;12936521;843890;297648;387172;
589x589;346921;12890791;845651;298236;387172;
590x590;348100;12782615;846720;298508;387637;
591x591;349281;13056313;848200;299532;389228;
592x592;350464;12993852;849940;299908;389543;
593x593;351649;12867515;851050;300498;390046;
594x594;352836;13002189;852619;300909;391030;
595x595;354025;13223196;853882;301444;391452;
596x596;355216;13448204;855374;301856;391744;
597x597;356409;13327524;856902;302454;392792;
598x598;357604;13357848;858256;302958;393473;
599x599;358801;13396764;859784;303601;393938;
600x600;360000;13433639;861498;303954;394758;
601x601;361201;13484630;865230;304486;395415;
602x602;362404;13501088;864116;305158;395848;
603x603;363609;13547996;865374;305475;397102;
604x604;364816;13585529;870910;306004;397400;
605x605;366025;13623570;868360;306659;398055;
606x606;367236;13537234;869644;306924;399016;
607x607;368449;13740822;873594;307442;399422;
608x608;369664;13617404;881790;308020;399846;
609x609;370881;13676610;874079;308521;400786;
610x610;372100;13737396;875656;308992;401140;
611x611;373321;14062594;876630;309580;401756;
612x612;374544;14011536;878330;310110;402640;
613x613;375769;13842200;880003;310446;403284;
614x614;376996;13911449;881199;310948;403550;
615x615;378225;13767526;883077;311494;404550;
616x616;379456;13965268;884228;312048;405384;
617x617;380689;13919755;885158;312709;405782;
618x618;381924;13958057;887372;313028;406626;
619x619;383161;14073166;888352;313114;407050;
620x620;384400;14103777;901349;313968;407664;
621x621;385641;14259079;891145;314126;408588;
622x622;386884;14123868;892744;365136;473834;
623x623;388129;14218936;893952;315391;409706;
624x624;389376;14312392;895714;315628;410642;
625x625;390625;14575227;896870;316448;410926;
626x626;391876;14366785;898248;316680;411674;
627x627;393129;14595852;899824;317466;412380;
628x628;394384;14538912;901250;318026;412993;
629x629;395641;14413671;902940;318726;413704;
630x630;396900;14446378;904434;319250;414421;
631x631;398161;14502337;905536;319506;414804;
632x632;399424;14997148;906972;319935;415422;
633x633;400689;14558792;908594;320464;416712;
634x634;401956;14751032;909590;320613;417044;
635x635;403225;15011884;911217;321566;417408;
636x636;404496;15276072;912797;321794;418525;
637x637;405769;15038954;922346;322542;419108;
638x638;407044;14947034;915666;323014;419784;
639x639;408321;15123418;916967;323669;420644;
640x640;409600;15371547;918032;323721;420886;
641x641;410881;15654068;1104736;389031;541456;
642x642;412164;15333650;1106480;390149;543068;
643x643;413449;15451358;1108316;391184;543926;
644x644;414736;15382712;1109961;391260;543998;
645x645;416025;15462630;1130538;391851;545364;
646x646;417316;15120853;1113286;391993;546219;
647x647;418609;15176330;1117712;392551;546576;
648x648;419904;15703248;1116742;393482;547841;
649x649;421201;15656448;1118628;394210;548554;
650x650;422500;15631420;1119854;394358;549399;
651x651;423801;15714472;1130102;395432;550334;
652x652;425104;15638839;1123694;396259;551455;
653x653;426409;15600748;1128086;396947;551779;
654x654;427716;15940550;1145403;397140;552972;
655x655;429025;15779034;1128692;397655;553806;
656x656;430336;15936670;1130198;397942;554298;
657x657;431649;16090426;1132260;399189;555748;
658x658;432964;15980416;1133790;400196;556704;
659x659;434281;16081836;1144102;401106;557032;
660x660;435600;16215730;1137415;400698;558166;
661x661;436921;16294998;1147523;401234;558961;
662x662;438244;16146807;1140917;402141;559436;
663x663;439569;16307952;1142753;402724;560589;
664x664;440896;16329152;1144834;403499;561386;
665x665;442225;16378153;1170160;403846;561785;
666x666;443556;16413817;1148129;405280;563265;
667x667;444889;16490408;1149870;404938;563982;
668x668;446224;16484316;1151389;406112;564438;
669x669;447561;16641938;1161888;406080;565504;
670x670;448900;16715210;1157680;406802;566524;
671x671;450241;16788882;1156318;407356;566936;
672x672;451584;16886938;1158118;408312;568672;
673x673;452929;16746492;1159990;411214;569018;
674x674;454276;16919304;1164247;409103;569617;
675x675;455625;16873808;1163918;410792;571068;
676x676;456976;16976412;1164970;410737;571552;
677x677;458329;16964057;1166162;411392;572409;
678x678;459684;17023246;1168546;412532;573429;
679x679;461041;17088322;1170260;412794;574046;
680x680;462400;16992543;1204792;413103;574553;
681x681;463761;17104704;1174402;414229;575782;
682x682;465124;17203112;1175705;415190;577006;
683x683;466489;17237489;1177308;416219;577582;
684x684;467856;17249246;1178649;416447;578473;
685x685;469225;17496702;1188207;416834;579259;
686x686;470596;17417454;1182616;417235;579601;
687x687;471969;17514653;1186846;418308;580953;
688x688;473344;17550279;1195068;418176;581604;
689x689;474721;17628588;1187722;418531;582328;
690x690;476100;17517572;1233206;419594;583775;
691x691;477481;17849039;1190998;420310;584138;
692x692;478864;17710113;1349701;420904;584828;
693x693;480249;17801266;1204296;421336;585988;
694x694;481636;17654058;1205962;421579;587075;
695x695;483025;17864513;1207150;422182;586937;
696x696;484416;17895788;1221967;423060;588554;
697x697;485809;18416898;1257114;424236;589066;
698x698;487204;17795618;1248109;425018;593336;
699x699;488601;18081609;1215159;425482;591022;
700x700;490000;17939824;1206934;425723;591686;
701x701;491401;18069142;1208546;426262;592657;
702x702;492804;18035644;1210285;427154;593526;
703x703;494209;18371020;1221095;427580;594391;
704x704;495616;18430508;1213540;430477;594787;
705x705;497025;18233404;1198588;422880;589221;
706x706;498436;18395594;1199794;423408;590258;
707x707;499849;18405362;1202038;423911;590566;
708x708;501264;18820226;1203396;425818;592338;
709x709;502681;18776597;1205282;424502;592840;
710x710;504100;18682158;1226822;425216;593291;
711x711;505521;18757554;1208674;426028;594851;
712x712;506944;18505098;1210354;426496;595348;
713x713;508369;18726380;1221339;426930;595825;
714x714;509796;19178228;1268377;494896;596980;
715x715;511225;18833024;1214888;427982;597678;
716x716;512656;18748692;1216948;428610;598224;
717x717;514089;19118738;1221500;429424;599197;
718x718;515524;18956910;1220550;430126;600271;
719x719;516961;19287638;1248334;430658;600660;
720x720;518400;19271116;1224114;432718;602176;
721x721;519841;18947165;1226275;433293;603204;
722x722;521284;19101798;1274614;433348;603546;
723x723;522729;19280684;1236735;432972;604024;
724x724;524176;19692806;1230393;433756;605280;
725x725;525625;19640334;1242068;434074;605930;
726x726;527076;19687497;1247064;434606;606950;
727x727;528529;19622640;1236014;435445;607648;
728x728;529984;19583623;1248446;436468;608330;
729x729;531441;19919318;1275517;436991;609308;
730x730;532900;19689198;1241420;437796;610447;
731x731;534361;19688894;1271058;438936;611182;
732x732;535824;19934334;1243933;439772;612431;
733x733;537289;19933747;1246509;440147;613025;
734x734;538756;20047006;1247652;439952;617288;
735x735;540225;20014627;1249644;440464;614623;
736x736;541696;20197510;1251099;441520;615475;
737x737;543169;19909715;1281138;440932;615714;
738x738;544644;20043138;1254496;441784;616634;
739x739;546121;20110958;1265790;442545;617859;
740x740;547600;20216018;1266810;443161;618211;
741x741;549081;20444880;1285506;445905;619934;
742x742;550564;20711012;1326715;445778;623730;
743x743;552049;20378358;1320122;446358;658668;
744x744;553536;20905538;1264624;445555;621898;
745x745;555025;20663298;1265330;446486;721258;
746x746;556516;20457830;1268770;446917;623868;
747x747;558009;20579117;1270028;518285;624531;
748x748;559504;20859710;1272026;449034;625464;
749x749;561001;20930857;1318634;449346;626230;
750x750;562500;20933906;1275659;449978;627289;
751x751;564001;20975328;1289080;450417;628122;
752x752;565504;21019153;1278568;451752;628932;
753x753;567009;21256745;1302605;452622;629596;
754x754;568516;21309336;1282219;453068;630648;
755x755;570025;21324194;1300394;453982;631223;
756x756;571536;21350835;1294988;454060;631947;
757x757;573049;21689374;1296210;454418;632842;
758x758;574564;21511918;1288552;454370;633353;
759x759;576081;21412574;1290502;454958;634730;
760x760;577600;21551864;1304736;456016;635536;
761x761;579121;21476320;1303300;456524;636317;
762x762;580644;21632324;1295212;456880;637152;
763x763;582169;21814662;1305128;457524;638054;
764x764;583696;21851063;1307091;456867;638327;
765x765;585225;21954646;1300310;458170;639573;
766x766;586756;21966681;1313787;461456;741304;
767x767;588289;22139588;1304028;460116;640984;
768x768;589824;22166758;1308410;532947;642080;
769x769;591361;22101574;1529520;540428;787516;
770x770;592900;22009711;1619067;541386;791895;
771x771;594441;22271968;1533652;541860;789344;
772x772;595984;22541851;1548244;542697;790430;
773x773;597529;22286849;1591170;543271;794454;
774x774;599076;22178386;1542168;543426;792478;
775x775;600625;22253130;1543395;544257;793695;
776x776;602176;22429209;1589480;544716;793918;
777x777;603729;22388172;1588132;545190;795542;
778x778;605284;22356872;1571150;545446;796534;
779x779;606841;22713088;1549882;547593;797360;
780x780;608400;22682792;1581730;548980;798768;
781x781;609961;22724855;1575513;549651;799836;
782x782;611524;22933162;1562651;550106;800289;
783x783;613089;22930886;1567917;550915;801530;
784x784;614656;22938718;1575249;556376;803146;
785x785;616225;23099562;1581438;552853;803529;
786x786;617796;23145272;1604712;555734;804821;
787x787;619369;22987590;1565473;1111687;805748;
788x788;620944;22800471;1579670;552322;806454;
789x789;622521;23162278;1592742;553292;807740;
790x790;624100;23245938;1621805;554180;809243;
791x791;625681;23188370;1696940;555069;809374;
792x792;627264;23079539;1632758;555401;810728;
793x793;628849;23449850;1621770;558172;812278;
794x794;630436;23236899;1603016;558986;812484;
795x795;632025;23521457;1629680;559552;813804;
796x796;633616;23524976;1590805;560320;815244;
797x797;635209;23575338;1637960;562489;815952;
798x798;636804;23744944;1590046;563785;821423;
799x799;638401;23463990;1635142;564508;818294;
800x800;640000;23718931;1639090;563340;818025;
801x801;641601;23797441;1595246;563421;819972;
802x802;643204;23966998;1621912;565874;829166;
803x803;644809;23932197;1607398;564870;821701;
804x804;646416;24024341;1614079;565634;823056;
805x805;648025;24048768;1666202;566592;824223;
806x806;649636;24185956;1661398;568106;824922;
807x807;651249;24093886;1607542;567708;826412;
808x808;652864;24388652;1619344;568620;827596;
809x809;654481;24390806;1614539;569020;828268;
810x810;656100;24296368;1661772;571082;829518;
811x811;657721;24450436;1629042;568800;830129;
812x812;659344;24559789;1635997;569785;830619;
813x813;660969;24173974;1663314;570678;832162;
814x814;662596;24368271;1678108;571042;836796;
815x815;664225;24602903;1669788;572406;834095;
816x816;665856;24505716;1677132;572594;835360;
817x817;667489;24717341;1681294;663580;837034;
818x818;669124;24806861;1670152;575900;837380;
819x819;670761;24880998;1679490;575919;838791;
820x820;672400;25442717;1644486;576146;839730;
821x821;674041;25005364;1681310;578385;840258;
822x822;675684;24898793;1680005;578926;841020;
823x823;677329;25288054;1679210;668783;842753;
824x824;678976;25126382;1658494;578901;842840;
825x825;680625;25088194;1694876;579983;844662;
826x826;682276;25140826;1704700;582022;846482;
827x827;683929;25275707;1700130;582458;847057;
828x828;685584;25466012;1686462;582442;848010;
829x829;687241;25426823;1674014;582526;849135;
830x830;688900;25767330;1691846;582949;849480;
831x831;690561;25573414;1679112;584080;850802;
832x832;692224;25459476;1661460;584258;852060;
833x833;693889;25848458;1722364;579260;845026;
834x834;695556;25910621;1653514;579995;846392;
835x835;697225;26056558;1686418;582336;847952;
836x836;698896;26227720;1694807;583250;848276;
837x837;700569;26113024;1701217;582341;849636;
838x838;702244;26268646;1706346;582235;850387;
839x839;703921;26338976;1652414;582901;850994;
840x840;705600;26148505;1698630;582008;852635;
841x841;707281;26783447;1718890;582924;853579;
842x842;708964;26570679;1667770;585552;853726;
843x843;710649;26496623;1685168;584950;855325;
844x844;712336;26785914;1662702;597179;857250;
845x845;714025;26231302;1687316;586442;857061;
846x846;715716;26795634;1711418;586572;858177;
847x847;717409;26743082;1681707;586772;859435;
848x848;719104;26590852;1715239;587072;859551;
849x849;720801;26950520;1717169;588154;861860;
850x850;722500;27103499;1717934;590161;862438;
851x851;724201;27055398;1722272;590572;863024;
852x852;725904;27207902;1721748;592202;864634;
853x853;727609;27380435;1725936;593148;865649;
854x854;729316;27476836;1725244;593400;865742;
855x855;731025;27208082;1735998;595400;867930;
856x856;732736;27414536;1695030;596472;869318;
857x857;734449;27426350;1690398;596159;868762;
858x858;736164;27366256;1698268;596851;870786;
859x859;737881;27541938;1718160;597432;879074;
860x860;739600;27690555;1696133;597162;871860;
861x861;741321;27800378;1705676;598453;873595;
862x862;743044;27690312;1709218;597674;874287;
863x863;744769;27574350;1708660;598412;874869;
864x864;746496;27831833;1720647;600694;876778;
865x865;748225;27806616;1745533;601786;881438;
866x866;749956;27898612;1730642;601400;882462;
867x867;751689;27974814;1740014;602844;879730;
868x868;753424;28076019;1747044;697488;881064;
869x869;755161;28379979;1766825;603146;881258;
870x870;756900;28241732;1715697;603732;882576;
871x871;758641;28629400;1759658;605098;883954;
872x872;760384;28542457;1726790;605003;884766;
873x873;762129;28323851;1718796;606394;885528;
874x874;763876;28886329;1773862;607068;887395;
875x875;765625;28572873;1768119;607740;891275;
876x876;767376;28676645;1747602;607750;888884;
877x877;769129;28887805;1769942;608361;889922;
878x878;770884;28704365;1756904;611066;894188;
879x879;772641;28810690;1743654;612965;892112;
880x880;774400;29097260;1782190;612185;892820;
881x881;776161;29008050;1882199;615118;893726;
882x882;777924;28943841;1786499;615252;895111;
883x883;779689;29199381;1772962;615632;906707;
884x884;781456;29075722;1797116;616584;896873;
885x885;783225;29236399;1743965;614358;910762;
886x886;784996;29325381;1831024;615044;898541;
887x887;786769;29401916;1807542;615684;899092;
888x888;788544;29614804;1758954;617034;900820;
889x889;790321;29689523;1753132;617712;902570;
890x890;792100;29652784;1831867;618272;902863;
891x891;793881;29660573;1756154;619245;903920;
892x892;795664;29730477;1798556;621289;905230;
893x893;797449;29999168;1804692;621704;905240;
894x894;799236;29905586;1776455;622326;907574;
895x895;801025;30046100;1807558;622882;908142;
896x896;802816;30090136;1784802;623558;908650;
897x897;804609;30164048;2086324;724179;1084030;
898x898;806404;30052298;2070498;728720;1081728;
899x899;808201;30400392;2041968;726088;1082342;
900x900;810000;30263876;2032286;726288;1083472;
901x901;811801;30367064;2112337;728594;1084676;
902x902;813604;30178522;2097642;727610;1084924;
903x903;815409;30753606;2064234;729684;1088267;
904x904;817216;30883797;2085731;729866;1089659;
905x905;819025;30801402;2082209;733070;1089288;
906x906;820836;31085426;2074053;732224;1090785;
907x907;822649;30872028;2092383;730402;1092014;
908x908;824464;30978246;2092746;733860;1095070;
909x909;826281;31183858;2067099;734488;1095297;
910x910;828100;31284267;2056958;732774;1096432;
911x911;829921;31006709;2057345;735030;1096246;
912x912;831744;31018730;2058489;734372;1186144;
913x913;833569;31491808;2110120;737018;1100066;
914x914;835396;31451853;2110761;736922;1100361;
915x915;837225;31758788;2065616;734409;1102095;
916x916;839056;31557070;2117567;738094;1105141;
917x917;840889;31769980;2091958;738440;1105934;
918x918;842724;31377420;2099917;740140;1104591;
919x919;844561;31742997;2079448;739286;1112121;
920x920;846400;31836260;2096806;738828;1107784;
921x921;848241;31822084;2113990;738728;1108273;
922x922;850084;31943554;2147851;740832;1109614;
923x923;851929;32064176;2084211;743574;1109754;
924x924;853776;32067788;2131776;742624;1111324;
925x925;855625;32007610;2098447;744317;1113678;
926x926;857476;32065488;2090248;741721;1118018;
927x927;859329;32298649;2144700;742888;1115547;
928x928;861184;32053926;2094988;744158;1117844;
929x929;863041;32009710;2149502;745584;1117362;
930x930;864900;32551460;2109307;767768;1131322;
931x931;866761;32593452;2165932;752404;1121232;
932x932;868624;32499858;2162159;748806;1120986;
933x933;870489;32242450;2186142;752111;1122482;
934x934;872356;32888827;2135902;750562;1127330;
935x935;874225;32725190;2165272;750962;1124970;
936x936;876096;32976186;2124900;750845;1141912;
937x937;877969;32934971;2124780;753244;1127965;
938x938;879844;32577941;2117165;755436;1127415;
939x939;881721;32887878;2154850;754775;1139937;
940x940;883600;33133299;2131712;755804;1131118;
941x941;885481;33136904;2146250;756312;1132739;
942x942;887364;33385359;2173706;756396;1134348;
943x943;889249;33010062;2149049;766194;1135364;
944x944;891136;33582131;2130649;758254;1136060;
945x945;893025;33553548;2179168;762328;1138165;
946x946;894916;33480710;2166218;761176;1138836;
947x947;896809;33790908;2140627;762839;1140020;
948x948;898704;33829776;2151001;766872;1141627;
949x949;900601;33896632;2147335;766221;1143568;
950x950;902500;33931756;2181054;768395;1142626;
951x951;904401;33897368;2168098;768735;1148478;
952x952;906304;33796300;2200468;767423;1146568;
953x953;908209;34066327;2181482;768573;1147635;
954x954;910116;34475386;2200674;771544;1149333;
955x955;912025;34478380;2198463;773174;1150553;
956x956;913936;34521814;2183474;772901;1220860;
957x957;915849;34620450;2184608;773274;1158521;
958x958;917764;34781272;2169545;773098;1153800;
959x959;919681;34770230;2212500;773151;1154114;
960x960;921600;34279187;2210784;774302;1159754;
961x961;923521;34796441;2157644;764924;1147488;
962x962;925444;34831406;2206079;766162;1148194;
963x963;927369;34721548;2205488;768057;1150126;
964x964;929296;34773311;2167209;767684;1154324;
965x965;931225;35394028;2220193;778130;1153826;
966x966;933156;36623398;2167974;776195;1155138;
967x967;935089;35065414;2260738;777104;1166496;
968x968;937024;35255839;2203754;775625;1156964;
969x969;938961;35530405;2212446;772858;1158074;
970x970;940900;35245611;2211652;773687;1159158;
971x971;942841;35605194;2169196;774612;1159912;
972x972;944784;35310528;2216137;777093;1161120;
973x973;946729;35374940;2195719;775679;1168981;
974x974;948676;35645480;2226028;775378;1162750;
975x975;950625;35633162;2187500;778652;1165109;
976x976;952576;35601239;2213242;776860;1165696;
977x977;954529;35914667;2227383;779238;1225944;
978x978;956484;35537451;2236862;779249;1169103;
979x979;958441;36014393;2226640;781919;1169702;
980x980;960400;36351360;2189876;781736;1190582;
981x981;962361;36520602;2254996;782602;1184925;
982x982;964324;36303780;2269560;787297;1173694;
983x983;966289;36333132;2205356;783989;1173634;
984x984;968256;36086934;2327173;786166;1176701;
985x985;970225;36819071;2199461;787185;1203997;
986x986;972196;36533292;2257606;786740;1177584;
987x987;974169;36709304;2209968;790280;1179316;
988x988;976144;36815374;2207566;791134;1184587;
989x989;978121;36885832;2255018;792514;1181147;
990x990;980100;36794517;2228933;792922;1182802;
991x991;982081;37037340;2249130;793322;1194361;
992x992;984064;37092026;2269288;793578;1185534;
993x993;986049;36969647;2260388;795284;1188398;
994x994;988036;37089283;2271009;797090;1189416;
995x995;990025;37337038;2241460;800346;1189333;
996x996;992016;37281832;2262608;799460;1190104;
997x997;994009;37090840;2236798;802104;1190779;
998x998;996004;37554724;2260898;797510;1192484;
999x999;998001;37314156;2242030;796226;1193236;
1000x1000;1000000;37576287;2249560;799263;1195376;
1001x1001;1002001;37259190;2248322;817361;1209782;
1002x1002;1004004;37657236;2294781;802084;1197618;
1003x1003;1006009;37492062;2277760;802562;1199261;
1004x1004;1008016;37742194;2291755;804300;1199266;
1005x1005;1010025;38078378;2286155;803107;1205943;
1006x1006;1012036;38168398;2249886;799696;1219478;
1007x1007;1014049;37804014;2297430;804087;1201900;
1008x1008;1016064;38720409;2308637;805966;1215082;
1009x1009;1018081;38469260;2261206;809854;1208955;
1010x1010;1020100;38374378;2282824;805194;1206366;
1011x1011;1022121;38871560;2280036;806908;1209116;
1012x1012;1024144;38559684;2260886;817152;1218528;
1013x1013;1026169;38561013;2336108;808208;1210568;
1014x1014;1028196;38359244;2332328;811525;1211606;
1015x1015;1030225;38982156;2268301;812536;1226940;
1016x1016;1032256;38752882;2277484;812100;1213484;
1017x1017;1034289;39086118;2299975;813659;1215500;
1018x1018;1036324;39294728;2333382;813726;1216704;
1019x1019;1038361;39345076;2286081;815018;1217542;
1020x1020;1040400;38687578;2303589;816344;1219087;
1021x1021;1042441;39303996;2329696;817485;1225592;
1022x1022;1044484;39432645;2302610;820478;1222034;
1023x1023;1046529;39286562;2285658;820364;1232866;
1024x1024;1048576;39364440;2291584;822604;1225252;
1025x1025;1050625;39787084;2655898;962565;1439150;
1026x1026;1052676;39310354;2636313;968910;1420916;
1027x1027;1054729;39797842;2619322;972310;1443441;
1028x1028;1056784;39809082;2601913;962810;1443336;
1029x1029;1058841;39708088;2637825;967460;1432898;
1030x1030;1060900;39894413;2649162;970604;1426671;
1031x1031;1062961;40359083;2602836;967700;1430568;
1032x1032;1065024;40488278;2680683;975126;1432946;
1033x1033;1067089;40252242;2687556;974383;1431459;
1034x1034;1069156;40507450;2720482;973737;1435833;
1035x1035;1071225;40792634;2616156;975860;1432728;
1036x1036;1073296;40609838;2615376;977243;1484556;
1037x1037;1075369;40056816;2685500;977308;1435910;
1038x1038;1077444;41053988;2672146;981424;1484272;
1039x1039;1079521;40751720;2669454;981542;1445600;
1040x1040;1081600;40859870;2629046;981148;1450262;
1041x1041;1083681;40990558;2643660;981481;1443229;
1042x1042;1085764;41097132;2649226;982095;1443626;
1043x1043;1087849;41143942;2692486;987597;1505321;
1044x1044;1089936;41165602;2654464;980714;1515682;
1045x1045;1092025;41366641;2685940;983338;1475752;
1046x1046;1094116;41366404;2690338;984548;1448110;
1047x1047;1096209;40778446;2691594;984691;1449212;
1048x1048;1098304;41002557;2695802;987830;1452370;
1049x1049;1100401;41307824;2702606;985941;1451762;
1050x1050;1102500;41420632;2703970;980580;1457752;
1051x1051;1104601;41542836;2692748;981098;1455216;
1052x1052;1106704;41927320;2709118;981294;1508789;
1053x1053;1108809;41711210;2669912;984734;1461952;
1054x1054;1110916;42032086;2658680;987730;1463238;
1055x1055;1113025;42112418;2676880;992814;1505672;
1056x1056;1115136;41855263;2666135;997026;1472064;
1057x1057;1117249;42170051;2780600;1002141;1489429;
1058x1058;1119364;42115110;2714935;989892;1519866;
1059x1059;1121481;42189478;2748292;989826;1482309;
1060x1060;1123600;42090822;2722830;993113;1590878;
1061x1061;1125721;42227608;2731981;993003;1494098;
1062x1062;1127844;42389729;2726491;992396;1470637;
1063x1063;1129969;42618946;2705928;998424;1484712;
1064x1064;1132096;42686005;2759673;998896;1480760;
1065x1065;1134225;42945521;2757810;1004796;1513421;
1066x1066;1136356;42714220;2699776;994588;1489058;
1067x1067;1138489;43070421;2694744;1002391;1478334;
1068x1068;1140624;43260200;2723758;1001998;1479014;
1069x1069;1142761;43254518;2749300;1017028;1481475;
1070x1070;1144900;43245642;2769428;1023076;1490062;
1071x1071;1147041;43181745;2705004;1012620;1490415;
1072x1072;1149184;43606750;2730784;1011511;1484950;
1073x1073;1151329;43393914;2750322;1018522;1485668;
1074x1074;1153476;43630152;2756058;1028816;1490990;
1075x1075;1155625;43745868;2748831;1018782;1554716;
1076x1076;1157776;43713422;2813084;1019073;1489978;
1077x1077;1159929;44372785;2722656;1023978;1540708;
1078x1078;1162084;44374996;2726463;1021816;1534080;
1079x1079;1164241;43964770;2760341;1021662;1494988;
1080x1080;1166400;44017390;2785182;1023808;1505868;
1081x1081;1168561;44332576;2734173;1019788;1501514;
1082x1082;1170724;44414734;2735700;1022301;1548593;
1083x1083;1172889;44444172;2739882;1018494;1509056;
1084x1084;1175056;44718131;2762904;1019353;1522273;
1085x1085;1177225;44541163;2799590;1038480;1582271;
1086x1086;1179396;44604268;2740520;1039731;1504626;
1087x1087;1181569;44631234;2743056;1041264;1511932;
1088x1088;1183744;44500300;2788068;1029678;1557005;
1089x1089;1185921;44815074;2789012;1021577;1540472;
1090x1090;1188100;44843040;2895546;1023638;1510586;
1091x1091;1190281;44939470;2784786;1028764;1515699;
1092x1092;1192464;45210818;2753624;1142247;1519413;
1093x1093;1194649;44940454;2790942;1035407;1508126;
1094x1094;1196836;45253209;2784180;1025326;1526158;
1095x1095;1199025;45013281;2807015;1035834;1540044;
1096x1096;1201216;45282428;2739793;1038806;1511398;
1097x1097;1203409;45704400;2744868;1029372;1514800;
1098x1098;1205604;45645684;2751990;1039720;1558470;
1099x1099;1207801;45760148;2751286;1038495;1567732;
1100x1100;1210000;45606816;2752917;1044673;1516921;
1101x1101;1212201;45893786;2846173;1030696;1515895;
1102x1102;1214404;45845887;2766246;1030826;1566004;
1103x1103;1216609;46011292;2772808;1044088;1566134;
1104x1104;1218816;45738046;2801612;1039754;1519451;
1105x1105;1221025;45806898;2787746;1043166;1574736;
1106x1106;1223236;46459346;2776454;1042454;1556385;
1107x1107;1225449;46505990;2777848;1034766;1576583;
1108x1108;1227664;46183260;2776086;1032914;1541176;
1109x1109;1229881;46277852;2771948;1044810;1535194;
1110x1110;1232100;46001802;2839644;1046376;1582351;
1111x1111;1234321;46412844;2783583;1048567;1544444;
1112x1112;1236544;46856629;2803436;1049069;1530982;
1113x1113;1238769;47215190;2793218;1051231;1578470;
1114x1114;1240996;47226348;2879222;1061480;1536926;
1115x1115;1243225;46555695;2794147;1052084;1537809;
1116x1116;1245456;47032486;2842164;1049800;1538911;
1117x1117;1247689;47165371;2802768;1200449;1560652;
1118x1118;1249924;47092421;2902088;1066848;1541603;
1119x1119;1252161;46882501;2848397;1053851;1575059;
1120x1120;1254400;47165146;2831590;1055930;1589399;
1121x1121;1256641;47157330;2855186;1055014;1547197;
1122x1122;1258884;47283620;2825150;1055822;1555250;
1123x1123;1261129;47300684;2891406;1069506;1558106;
1124x1124;1263376;47148584;2822618;1059180;1616546;
1125x1125;1265625;46962836;2943608;1061970;1586296;
1126x1126;1267876;47320855;2842355;1067058;1563130;
1127x1127;1270129;47978331;2826544;1066470;1600890;
1128x1128;1272384;48190160;2894402;1062009;1558260;
1129x1129;1274641;47645977;2898148;1073072;1557462;
1130x1130;1276900;48284370;2871896;1068790;1554544;
1131x1131;1279161;48018954;2826745;1062730;1625776;
1132x1132;1281424;48269452;2922288;1065759;1570852;
1133x1133;1283689;48137312;2951440;1072225;1558608;
1134x1134;1285956;48697179;2966455;1071157;1588660;
1135x1135;1288225;48689394;2905964;1072738;1581789;
1136x1136;1290496;49038236;2844951;1073645;1586446;
1137x1137;1292769;48553922;2909614;1076169;1574552;
1138x1138;1295044;49003690;2941930;1070348;1578658;
1139x1139;1297321;49146316;2897103;1073476;1579577;
1140x1140;1299600;49221022;2925284;1077332;1572835;
1141x1141;1301881;49739919;2924710;1076935;1584624;
1142x1142;1304164;49907556;2874448;1090044;1577320;
1143x1143;1306449;49541638;2892800;1089594;1596179;
1144x1144;1308736;49903106;2876464;1083422;1587734;
1145x1145;1311025;50253985;2876892;1078277;1602693;
1146x1146;1313316;49883610;2961370;1084994;1632056;
1147x1147;1315609;49746744;2885613;1099632;1608195;
1148x1148;1317904;50161979;2870154;1089988;1591510;
1149x1149;1320201;50398970;2874458;1136430;1594726;
1150x1150;1322500;49953641;2920652;1082548;1582042;
1151x1151;1324801;50613775;2980194;1091606;1622448;
1152x1152;1327104;50422306;2890982;1093313;1601972;
1153x1153;1329409;50722014;3221412;1297686;1867264;
1154x1154;1331716;51069341;3260882;1310981;1812874;
1155x1155;1334025;51008132;3307794;1323928;1814940;
1156x1156;1336336;51184768;3260898;1300744;1861926;
1157x1157;1338649;51063652;3240650;1299799;1835276;
1158x1158;1340964;51270510;3359646;1323374;1830593;
1159x1159;1343281;51164856;3320885;1306884;1854340;
1160x1160;1345600;51347392;3278492;1311052;1870003;
1161x1161;1347921;51508327;3299108;1330874;1842946;
1162x1162;1350244;51540392;3294114;1327286;1856939;
1163x1163;1352569;51053866;3357930;1558232;1887930;
1164x1164;1354896;51571016;3252412;1315792;1829135;
1165x1165;1357225;51767029;3279910;1335052;1838760;
1166x1166;1359556;51552140;3258872;1328005;1841704;
1167x1167;1361889;51577486;3260908;1327012;1884264;
1168x1168;1364224;51929792;3377320;1312837;1840311;
1169x1169;1366561;51999868;3264696;1313589;1867408;
1170x1170;1368900;52036046;3375887;1313188;1883150;
1171x1171;1371241;52240306;3278856;1324397;1920678;
1172x1172;1373584;51292490;3348582;1325144;1842984;
1173x1173;1375929;51802861;3286096;1318874;1897602;
1174x1174;1378276;52126256;3305235;1324038;1896464;
1175x1175;1380625;51846307;3284145;1336936;1906540;
1176x1176;1382976;51713296;3286229;1371180;1890017;
1177x1177;1385329;52338576;3305893;1396356;1879645;
1178x1178;1387684;52289458;3299124;1347556;1923164;
1179x1179;1390041;52689092;3337750;1348934;1884421;
1180x1180;1392400;52821737;3318880;1330330;1902915;
1181x1181;1394761;53134692;3309158;1349032;1896590;
1182x1182;1397124;52743900;3301160;1340200;1867378;
1183x1183;1399489;53258476;3411494;1336253;1906970;
1184x1184;1401856;53786944;3306398;1396019;1909202;
1185x1185;1404225;53135982;3335457;1445424;1897295;
1186x1186;1406596;52746000;3324510;1384534;1916239;
1187x1187;1408969;53350888;3336162;1367760;1912750;
1188x1188;1411344;53694058;3399384;1366150;1917268;
1189x1189;1413721;53555837;3345248;1370150;1910318;
1190x1190;1416100;53895324;3381838;1358270;1882508;
1191x1191;1418481;53663345;3328472;1379840;1897752;
1192x1192;1420864;53427996;3401896;1378196;1883252;
1193x1193;1423249;54394538;3332884;1373620;2039161;
1194x1194;1425636;53807554;3388963;1357377;1971577;
1195x1195;1428025;53465452;3362338;1355414;1887427;
1196x1196;1430416;54072738;3339763;1377768;1885131;
1197x1197;1432809;54452478;3398336;1368128;1925060;
1198x1198;1435204;54587574;3353705;1350966;1890300;
1199x1199;1437601;54620632;3370928;1382576;1905638;
1200x1200;1440000;54665002;3395844;1391432;1901215;
1201x1201;1442401;54800070;3394221;1359282;1886112;
1202x1202;1444804;54312561;3377628;1360442;1896627;
1203x1203;1447209;54853813;3389926;1387370;1900375;
1204x1204;1449616;54782662;3373980;1390770;1918294;
1205x1205;1452025;54698521;3365151;1370466;1939572;
1206x1206;1454436;55070220;3390290;1366604;1944774;
1207x1207;1456849;55130267;3379428;1424298;1905434;
1208x1208;1459264;55355492;3395282;1431422;1944752;
1209x1209;1461681;55550468;3378810;1423690;1922688;
1210x1210;1464100;55999271;3381742;1387219;1932828;
1211x1211;1466521;55968385;3406666;1389579;1953966;
1212x1212;1468944;55574242;3388396;1442316;1918170;
1213x1213;1471369;56019508;3513756;1406372;1953093;
1214x1214;1473796;60129105;3663965;1524428;2033561;
1215x1215;1476225;62105944;3506316;1437483;1966430;
1216x1216;1478656;61687038;3711648;1391720;1972651;
1217x1217;1481089;61032776;3470885;1419453;2011231;
1218x1218;1483524;59800639;3406218;1435118;2033855;
1219x1219;1485961;60323617;3436857;1476730;2176024;
1220x1220;1488400;59800038;3492896;1384909;2029455;
1221x1221;1490841;58655576;3602481;1366920;1968990;
1222x1222;1493284;55856614;3452268;1374424;1922024;
1223x1223;1495729;56575970;3392214;1430762;1959382;
1224x1224;1498176;56563861;3435198;1429197;1923437;
1225x1225;1500625;56549994;3391807;1419257;1946772;
1226x1226;1503076;57038502;3474091;1371337;1955874;
1227x1227;1505529;57104137;3444835;1404654;1925936;
1228x1228;1507984;57298505;3402392;1454650;1962506;
1229x1229;1510441;57264599;3464900;1387933;1971924;
1230x1230;1512900;57419866;3544739;1393142;1967944;
1231x1231;1515361;57334312;3464656;1434524;1965084;
1232x1232;1517824;57605188;3425306;1405324;1949918;
1233x1233;1520289;57900358;3558039;1389105;1929788;
1234x1234;1522756;57988289;3435100;1396620;1990324;
1235x1235;1525225;57669752;3420112;1393764;1955643;
1236x1236;1527696;57160064;3445753;1414590;1976590;
1237x1237;1530169;58099906;3530710;1409684;1978004;
1238x1238;1532644;58175408;3491572;1415091;2001766;
1239x1239;1535121;57967234;3474714;1416748;2014368;
1240x1240;1537600;58766479;3603724;1460380;1983132;
1241x1241;1540081;58410534;3474140;1417346;2097673;
1242x1242;1542564;58287764;3440109;1420349;2008376;
1243x1243;1545049;59117284;3487320;1433459;1963800;
1244x1244;1547536;58953712;3446435;1417896;1997377;
1245x1245;1550025;58849952;3456632;1421297;1996900;
1246x1246;1552516;58510957;3498276;1418436;1974472;
1247x1247;1555009;59096177;3454010;1423952;1989314;
1248x1248;1557504;59042546;3454910;1425598;1970612;
1249x1249;1560001;59200721;3460592;1433655;1988866;
1250x1250;1562500;59644046;3463364;1443568;2000530;
1251x1251;1565001;58777034;3465546;1412522;1974250;
1252x1252;1567504;59172494;3468635;1437730;2028451;
1253x1253;1570009;59508540;3495918;1455994;2019204;
1254x1254;1572516;59396512;3470838;1420006;1969008;
1255x1255;1575025;60126790;3487668;1423570;1979876;
1256x1256;1577536;59570600;3533882;1406224;1999675;
1257x1257;1580049;59838599;3481292;1410778;2014860;
1258x1258;1582564;60000930;3567482;1433818;1995674;
1259x1259;1585081;59713886;3487070;1433621;2015481;
1260x1260;1587600;59773110;3580131;1440408;2000924;
1261x1261;1590121;60132354;3493492;1437344;1994452;
1262x1262;1592644;60003790;3575572;1473036;2024185;
1263x1263;1595169;60945744;3529852;1441546;2017482;
1264x1264;1597696;60751042;3532314;1456222;2046570;
1265x1265;1600225;61425549;3512130;1438240;2021968;
1266x1266;1602756;60964434;3525026;1433933;1998544;
1267x1267;1605289;61278076;3615042;1443924;2027162;
1268x1268;1607824;60515197;3611522;1451752;2070956;
1269x1269;1610361;60989292;3515121;1501668;2068814;
1270x1270;1612900;61782575;3544008;1468974;2054666;
1271x1271;1615441;61583730;3586133;1465784;2030136;
1272x1272;1617984;60955132;3523748;1458578;2006794;
1273x1273;1620529;61652045;3523094;1454332;1998542;
1274x1274;1623076;62416905;3648030;1453844;2011490;
1275x1275;1625625;62669918;3531860;1453806;2070423;
1276x1276;1628176;61988128;3610252;1453966;2076481;
1277x1277;1630729;62215324;3557358;1489086;2042209;
1278x1278;1633284;62252244;3620914;1449196;2038778;
1279x1279;1635841;63385942;3543328;1448018;2050289;
1280x1280;1638400;62345180;3665010;1462241;2082253;
1281x1281;1640961;62673874;4051955;1771674;2310690;
1282x1282;1643524;62412530;3963376;1831428;2411897;
1283x1283;1646089;62695508;3996886;1827940;2310610;
1284x1284;1648656;62774581;3930438;1804090;2325461;
1285x1285;1651225;63120233;3930999;1780180;2305878;
1286x1286;1653796;63048828;3935740;1824754;2349600;
1287x1287;1656369;63195464;3940177;1801828;2284544;
1288x1288;1658944;62357982;3963401;1787028;2300334;
1289x1289;1661521;63100250;3969113;1791476;2283162;
1290x1290;1664100;63224630;3999646;1786122;2328928;
1291x1291;1666681;63295561;3954022;1808510;2580113;
1292x1292;1669264;63053696;4065494;1831639;2407070;
1293x1293;1671849;63155519;3958784;1833402;2316750;
1294x1294;1674436;63910760;4164040;1800165;2279442;
1295x1295;1677025;63297317;3987575;1796862;2315197;
1296x1296;1679616;63781960;4068718;1820096;2303975;
1297x1297;1682209;63530006;3970973;1815784;2317006;
1298x1298;1684804;64013582;3977190;1791152;2315688;
1299x1299;1687401;64107440;3979696;1806846;2326812;
1300x1300;1690000;64550357;4013947;1809214;2641028;
1301x1301;1692601;63995964;4008118;1813122;2383388;
1302x1302;1695204;64201028;4085686;1789108;2359630;
1303x1303;1697809;64731642;3995142;1768948;2473996;
1304x1304;1700416;64783245;3995482;1798981;2537753;
1305x1305;1703025;64368740;4087043;1812604;2335697;
1306x1306;1705636;64809955;4024254;1855574;2425864;
1307x1307;1708249;64478742;4047514;1819350;2379384;
1308x1308;1710864;65138087;4008122;1848533;2329952;
1309x1309;1713481;64591762;4003148;1899144;2318035;
1310x1310;1716100;65277892;4045230;1844639;2401296;
1311x1311;1718721;64985457;4016370;1836374;2344987;
1312x1312;1721344;65559628;4141413;1889204;2370020;
1313x1313;1723969;65091950;4066728;1837970;2330792;
1314x1314;1726596;65227045;4029259;1815956;2424053;
1315x1315;1729225;65727733;4123966;1854501;2363783;
1316x1316;1731856;65734558;4049788;1846748;2400876;
1317x1317;1734489;65763046;4089002;1846230;2419150;
1318x1318;1737124;65528458;4030580;1846806;2353650;
1319x1319;1739761;65897167;4116766;1851566;2407685;
1320x1320;1742400;66015901;4095146;1842049;2456008;
1321x1321;1745041;66889354;4081516;1845794;2373444;
1322x1322;1747684;66302590;4047869;1875708;2400474;
1323x1323;1750329;66609808;4051599;1836510;2334084;
1324x1324;1752976;66774941;4224900;1881540;2329051;
1325x1325;1755625;67035028;4146638;1858378;2379085;
1326x1326;1758276;67280798;4063254;1829880;2399744;
1327x1327;1760929;66860899;4059924;1868796;2459506;
1328x1328;1763584;67303820;4063571;1909504;2364515;
1329x1329;1766241;67683726;4104892;1855726;2351550;
1330x1330;1768900;67101746;4153080;1846766;2421800;
1331x1331;1771561;67979067;4183376;1854210;2370976;
1332x1332;1774224;67687448;4190405;1932699;2450621;
1333x1333;1776889;67300776;4085424;1879676;2368398;
1334x1334;1779556;67386192;4078871;1879723;2435708;
1335x1335;1782225;67904329;4138188;1888380;2421564;
1336x1336;1784896;68025208;4179912;1807433;2364496;
1337x1337;1787569;67898953;4089667;1807941;2461961;
1338x1338;1790244;68061305;4148939;1867100;2411560;
1339x1339;1792921;67897656;4246795;1869756;3089482;
1340x1340;1795600;68413802;4183767;1873391;2407166;
1341x1341;1798281;68187014;4181962;1880668;2432549;
1342x1342;1800964;68426705;4102478;1959157;2367154;
1343x1343;1803649;68693912;4128964;1858483;2403210;
1344x1344;1806336;68914610;4113430;1885445;2392947;
1345x1345;1809025;70020927;4458611;1983628;2433399;
1346x1346;1811716;71731643;4261947;1927984;2441985;
1347x1347;1814409;71855716;4113214;1900378;2428460;
1348x1348;1817104;68863476;4118740;1936303;2413710;
1349x1349;1819801;69205680;4122054;1911206;2427206;
1350x1350;1822500;69145948;4145320;1877278;2463949;
1351x1351;1825201;69277422;4206169;1965970;2370474;
1352x1352;1827904;69956058;4166491;1931037;2479588;
1353x1353;1830609;69624200;4154254;1895350;2413680;
1354x1354;1833316;69532805;4110820;2002884;2375274;
1355x1355;1836025;69757538;4111336;1867764;2404738;
1356x1356;1838736;69712056;4136630;1927778;2390052;
1357x1357;1841449;69886800;4120839;1909052;2403399;
1358x1358;1844164;70035438;4119969;1905652;2372796;
1359x1359;1846881;70144283;4129685;1896011;2481610;
1360x1360;1849600;70160022;4220648;1897932;2426621;
1361x1361;1852321;70609373;4129932;1929663;2520264;
1362x1362;1855044;71013892;4153160;1927537;2429812;
1363x1363;1857769;70284590;4138694;1894550;2458378;
1364x1364;1860496;71078120;4237101;1977255;2578163;
1365x1365;1863225;73898750;4254192;1974832;2672967;
1366x1366;1865956;72881455;4323317;1952697;2719607;
1367x1367;1868689;73285714;4317482;1951720;2446340;
1368x1368;1871424;71427115;4168065;1923020;2443360;
1369x1369;1874161;71186830;4160056;1934324;2436306;
1370x1370;1876900;71276255;4178710;1950736;2448070;
1371x1371;1879641;70873604;4251997;1904238;2457630;
1372x1372;1882384;71654131;4193202;1937260;2404786;
1373x1373;1885129;71015982;4188988;1904162;2462904;
1374x1374;1887876;71776441;4183220;1941292;2408886;
1375x1375;1890625;71738070;4179038;1986347;2464466;
1376x1376;1893376;72411465;4258764;1931512;2477503;
1377x1377;1896129;71950265;4203369;1926702;2427030;
1378x1378;1898884;71526644;4186652;1975306;2451330;
1379x1379;1901641;71846520;4199100;1962447;2420198;
1380x1380;1904400;71652782;4191862;1934402;2452338;
1381x1381;1907161;72329150;4232250;1951304;2468674;
1382x1382;1909924;72374004;4295003;1929740;2425373;
1383x1383;1912689;72423276;4245590;1979196;2465077;
1384x1384;1915456;72677504;4220218;1939128;2502868;
1385x1385;1918225;72614236;4202428;2078559;2456992;
1386x1386;1920996;72976076;4267112;1928129;2495328;
1387x1387;1923769;72991718;4218878;1931086;2478542;
1388x1388;1926544;73471634;4261939;1927980;2522135;
1389x1389;1929321;73956508;4234022;1953934;2473134;
1390x1390;1932100;73899677;4325890;1956652;2488013;
1391x1391;1934881;74081500;4229330;1959998;2508255;
1392x1392;1937664;73493070;4317452;1986541;2434541;
1393x1393;1940449;73252268;4232826;1952570;2621598;
1394x1394;1943236;73629359;4362074;1992409;2481433;
1395x1395;1946025;74270101;4331363;1956116;2467628;
1396x1396;1948816;74152870;4237604;1957196;2517342;
1397x1397;1951609;74166800;4256384;2051962;2484651;
1398x1398;1954404;74020124;4294202;1992308;2469320;
1399x1399;1957201;74272281;4257020;1921150;2488578;
1400x1400;1960000;74613182;4303654;1927874;2459072;
1401x1401;1962801;74823070;4252238;1962430;2506903;
1402x1402;1965604;75115486;4277126;1961586;2499476;
1403x1403;1968409;74865562;4302676;1947043;2477936;
1404x1404;1971216;74952044;4265778;1988058;2465246;
1405x1405;1974025;75430022;4302508;2003434;2538868;
1406x1406;1976836;75808379;4270966;1962704;2489691;
1407x1407;1979649;75315552;4385562;1955698;2503076;
1408x1408;1982464;75506083;4316426;1993446;2459438;
1409x1409;1985281;75523442;4690420;2384070;2818545;
1410x1410;1988100;75648776;4738769;2354530;2828174;
1411x1411;1990921;75566964;4696142;2377438;2788442;
1412x1412;1993744;75876459;4718928;2432134;2774463;
1413x1413;1996569;75790688;4766771;2396285;2752265;
1414x1414;1999396;76335338;4704126;2421412;2811483;
1415x1415;2002225;76297666;4704844;2388598;2789328;
1416x1416;2005056;75963520;4778348;2365168;2849081;
1417x1417;2007889;76476972;4782746;2397304;2833625;
1418x1418;2010724;76712337;4716445;2391350;2775176;
1419x1419;2013561;77073194;4741764;2412351;2803690;
1420x1420;2016400;77359270;4723014;2422620;2770244;
1421x1421;2019241;77536972;4748324;2439129;2849236;
1422x1422;2022084;76929906;4750124;2424666;2815786;
1423x1423;2024929;77207290;4752569;2408538;2770932;
1424x1424;2027776;76845984;4814836;2416046;2822434;
1425x1425;2030625;77427596;4807516;2412545;2841513;
1426x1426;2033476;75947692;4836125;2411918;2810138;
1427x1427;2036329;77447088;4796842;2488056;2805650;
1428x1428;2039184;77600704;4760640;2446150;2897465;
1429x1429;2042041;78098115;4774243;2408144;2796032;
1430x1430;2044900;77567975;4766067;2462026;2772074;
1431x1431;2047761;77897722;4813131;2433028;2824436;
1432x1432;2050624;78179208;4773338;2429691;2824062;
1433x1433;2053489;78541096;4777600;2461586;2841846;
1434x1434;2056356;78024127;4778766;2482844;2851336;
1435x1435;2059225;77509254;4784232;2496536;2799820;
1436x1436;2062096;78674651;4804984;2436972;2827098;
1437x1437;2064969;77955402;4781740;2404542;2789052;
1438x1438;2067844;78740822;4920318;2473508;2801380;
1439x1439;2070721;79805139;4867183;2484562;2848565;
1440x1440;2073600;78887575;4800553;2471507;2797268;
1441x1441;2076481;79183259;4825049;2443520;2800526;
1442x1442;2079364;78295432;4847060;2433262;2802751;
1443x1443;2082249;79531650;4810456;2432914;2818262;
1444x1444;2085136;79488560;4812248;2433143;2831613;
1445x1445;2088025;79747446;4809969;2477451;2809744;
1446x1446;2090916;79578166;4830224;2491366;2808136;
1447x1447;2093809;79612471;4838990;2542438;2843886;
1448x1448;2096704;79774436;4827692;2498428;2852667;
1449x1449;2099601;80260322;5006946;2458716;2866442;
1450x1450;2102500;79693684;4829210;2569763;2838667;
1451x1451;2105401;80226050;4834636;2506820;2878382;
1452x1452;2108304;79770520;4859646;2451224;2842077;
1453x1453;2111209;80461304;4837582;2425164;2890504;
1454x1454;2114116;80516565;4914933;2519442;2863106;
1455x1455;2117025;80143798;4891395;2434010;2829897;
1456x1456;2119936;80630172;4849404;2423888;2827180;
1457x1457;2122849;80229001;4897040;2428855;2863152;
1458x1458;2125764;80596670;4879474;2527628;2826321;
1459x1459;2128681;81039938;4878222;2461532;2907957;
1460x1460;2131600;80920514;4947472;2471242;2863006;
1461x1461;2134521;80915126;4935058;2453184;2837967;
1462x1462;2137444;81188226;4873808;2464011;2842928;
1463x1463;2140369;80913218;4915562;2487427;2910122;
1464x1464;2143296;80753878;4878986;2460537;2839902;
1465x1465;2146225;81816018;4873258;2507076;2854154;
1466x1466;2149156;81923154;4887120;2515393;2865761;
1467x1467;2152089;81676997;4896192;2479430;2872128;
1468x1468;2155024;82232428;4892349;2465984;2858320;
1469x1469;2157961;83117259;4899772;2537528;2859223;
1470x1470;2160900;82738702;4920581;2503641;2866815;
1471x1471;2163841;81835440;4895132;2480366;2870710;
1472x1472;2166784;82071034;4916832;2510194;2889115;
1473x1473;2169729;81764752;4878185;2493784;2844820;
1474x1474;2172676;81892829;4915428;2474454;2902680;
1475x1475;2175625;83094178;4930898;2477976;2882750;
1476x1476;2178576;82661479;4876300;2487024;2896444;
1477x1477;2181529;83038649;4888494;2484260;2878763;
1478x1478;2184484;82438682;4899607;2491220;2903710;
1479x1479;2187441;82843287;4920089;2476163;2964684;
1480x1480;2190400;83351814;4972749;2548334;2867323;
1481x1481;2193361;83806430;4924035;2506570;2866391;
1482x1482;2196324;83016230;4908221;2586613;2860868;
1483x1483;2199289;84311381;4918104;2524604;2863680;
1484x1484;2202256;84421953;4912976;2544787;2861650;
1485x1485;2205225;84858659;4914058;2509945;2867728;
1486x1486;2208196;84114854;5037880;2512154;2873174;
1487x1487;2211169;83973704;4984203;2537054;2940380;
1488x1488;2214144;84209886;4964478;2491915;2981206;
1489x1489;2217121;84426471;4942995;2494245;3032126;
1490x1490;2220100;83471277;4960857;2547676;2963828;
1491x1491;2223081;85458056;4938113;2640697;2901632;
1492x1492;2226064;85139388;4934939;2537106;2977598;
1493x1493;2229049;84585888;5065458;2552957;3010468;
1494x1494;2232036;85294222;4934558;2505400;2934035;
1495x1495;2235025;84146566;4995974;2504695;2888916;
1496x1496;2238016;84675328;4952264;2529784;2901286;
1497x1497;2241009;85595603;5033626;2553466;2952362;
1498x1498;2244004;86123260;5039068;2536580;2892403;
1499x1499;2247001;85678371;5102922;2529558;2952156;
1500x1500;2250000;85873884;5003112;2527087;3011278;
1501x1501;2253001;85798566;4973992;2559632;2941314;
1502x1502;2256004;86032046;4990984;2548141;2901866;
1503x1503;2259009;86731924;5021866;2601522;2997163;
1504x1504;2262016;85380666;5163462;2565833;2904650;
1505x1505;2265025;86451762;5131478;2538114;2974330;
1506x1506;2268036;86547230;5017356;2555089;2912820;
1507x1507;2271049;86436751;5081624;2525544;2912342;
1508x1508;2274064;87104862;4983815;2523214;2953232;
1509x1509;2277081;85915929;5032214;2525692;2957650;
1510x1510;2280100;87113240;5001070;2585388;2929013;
1511x1511;2283121;86121584;5119882;2753264;2918080;
1512x1512;2286144;87416514;5135512;2595052;2927702;
1513x1513;2289169;87111437;5010677;2617845;2925443;
1514x1514;2292196;87187884;5038344;2547586;2930133;
1515x1515;2295225;87230162;5031444;2567482;3002104;
1516x1516;2298256;86764948;5032978;2552342;3002514;
1517x1517;2301289;86225308;5018067;2603838;2932228;
1518x1518;2304324;86697686;5014674;2596530;3046673;
1519x1519;2307361;86824786;5018332;2605808;2947142;
1520x1520;2310400;88421232;5099070;2560291;3034575;
1521x1521;2313441;88266503;5059400;2576947;3002924;
1522x1522;2316484;88155512;5039874;2553278;2968473;
1523x1523;2319529;88391958;5095386;2612929;2949179;
1524x1524;2322576;87928963;5046914;2595826;2942421;
1525x1525;2325625;88032216;5053644;2591374;3009262;
1526x1526;2328676;88543510;5048046;2622009;2950122;
1527x1527;2331729;88846290;5059806;2611769;2970918;
1528x1528;2334784;88675754;5217150;2567756;2968972;
1529x1529;2337841;88999934;5065851;2577386;3027304;
1530x1530;2340900;89878675;5065544;2591830;2964294;
1531x1531;2343961;89675190;5084761;2583792;3009138;
1532x1532;2347024;89517088;5078040;2634978;2956652;
1533x1533;2350089;89801862;5080776;2582488;3039452;
1534x1534;2353156;90002074;5076804;2545387;2986866;
1535x1535;2356225;89265164;5081676;2584328;3022544;
1536x1536;2359296;89549658;5087173;2580820;2991691;
1537x1537;2362369;89869984;5733554;3144741;3274036;
1538x1538;2365444;89602964;5544552;2863972;3273947;
1539x1539;2368521;89853851;5558264;2873840;3279940;
1540x1540;2371600;90422522;5549054;2904383;3280958;
1541x1541;2374681;89849604;5543808;2883026;3281320;
1542x1542;2377764;90716136;5578542;2924102;3302839;
1543x1543;2380849;90444406;5667770;2897164;3283490;
1544x1544;2383936;90916766;5571474;2911512;3301750;
1545x1545;2387025;91174340;5613037;2963596;3286650;
1546x1546;2390116;91286772;5577022;2915536;3320778;
1547x1547;2393209;91224224;5563222;2886573;3331718;
1548x1548;2396304;91790752;5576914;2854234;3297888;
1549x1549;2399401;90858448;5577384;2955512;3299978;
1550x1550;2402500;91279579;5573314;2918582;3300714;
1551x1551;2405601;91461914;5569674;2911508;3313348;
1552x1552;2408704;91544127;5633734;2942605;3304312;
1553x1553;2411809;91043318;5583922;2962114;3311752;
1554x1554;2414916;91428034;5593574;2972822;3322384;
1555x1555;2418025;91332666;5591504;2985558;3358738;
1556x1556;2421136;91561404;5593795;2907809;3319966;
1557x1557;2424249;91936920;5596256;2975635;3315841;
1558x1558;2427364;92165541;5607708;2999296;3321366;
1559x1559;2430481;92257116;5608136;2961796;3322546;
1560x1560;2433600;92531391;5628124;2859365;3324580;
1561x1561;2436721;91484532;5614564;2945336;3327006;
1562x1562;2439844;92399344;5621848;2984014;3325795;
1563x1563;2442969;92314334;5626338;3022949;3342443;
1564x1564;2446096;92920386;5658395;2982577;3334166;
1565x1565;2449225;92879304;5661188;2918600;3332991;
1566x1566;2452356;92373056;5633276;2964899;3331536;
1567x1567;2455489;93045106;5639929;3100014;3360698;
1568x1568;2458624;92688358;5643013;2913319;3339592;
1569x1569;2461761;93273700;5643780;3010699;3344232;
1570x1570;2464900;93655535;5652094;3076122;3349722;
1571x1571;2468041;93381966;5712568;2988288;3363102;
1572x1572;2471184;94597230;5707216;2908930;3358016;
1573x1573;2474329;95113018;5663005;2963558;3360792;
1574x1574;2477476;94657964;5676339;2978374;3400502;
1575x1575;2480625;94438337;5674638;2937468;3366832;
1576x1576;2483776;95208548;5831040;2949280;3367974;
1577x1577;2486929;95353927;5687150;2932084;3401403;
1578x1578;2490084;95763118;5682999;3017560;3402712;
1579x1579;2493241;95385106;5696026;3018028;3405008;
1580x1580;2496400;95651152;5746117;2957393;3371085;
1581x1581;2499561;95122412;5687482;3138460;3369622;
1582x1582;2502724;95885968;5688746;2986983;3374614;
1583x1583;2505889;95806842;5723106;2952390;3371682;
1584x1584;2509056;96014613;5785606;2977689;3382170;
1585x1585;2512225;96544974;7519301;3088507;3660543;
1586x1586;2515396;102656387;6335948;4141646;4891627;
1587x1587;2518569;95702198;5759133;3018404;3381220;
1588x1588;2521744;95287515;5796858;2932072;3388958;
1589x1589;2524921;95987834;5718296;3002873;3387858;
1590x1590;2528100;95343022;5720163;3078612;3387330;
1591x1591;2531281;94821748;5723948;3118681;3486556;
1592x1592;2534464;96320472;5730181;2991812;3392026;
1593x1593;2537649;96971515;5729416;2970134;3392818;
1594x1594;2540836;96732979;5729519;3090575;3404824;
1595x1595;2544025;96389980;5729774;3060886;3428292;
1596x1596;2547216;96253356;5742958;3040332;3402789;
1597x1597;2550409;97101379;5755996;3071772;3426456;
1598x1598;2553604;97195495;5781506;2995568;3411148;
1599x1599;2556801;96684918;5965046;3014272;3433646;
1600x1600;2560000;96997112;5756597;3020004;3410110;
1601x1601;2563201;98119984;5728592;3038570;3398094;
1602x1602;2566404;97732630;5735040;3042270;3397299;
1603x1603;2569609;97120332;5721686;2946630;3400344;
1604x1604;2572816;98238412;5838376;2980294;3404932;
1605x1605;2576025;97279608;5735814;3050678;3407275;
1606x1606;2579236;98086254;5736002;3010204;3408020;
1607x1607;2582449;99091594;5745200;2957154;3408120;
1608x1608;2585664;98679774;5756544;2976620;3414489;
1609x1609;2588881;98060263;5769182;3045549;3415798;
1610x1610;2592100;97522555;5755854;3099272;3413387;
1611x1611;2595321;99002856;6022087;3082532;3528447;
1612x1612;2598544;97491125;5760379;2972412;3422494;
1613x1613;2601769;98804683;5774232;2992366;3549637;
1614x1614;2604996;97741296;5767397;3057824;3422586;
1615x1615;2608225;98534460;5775784;2996239;3442632;
1616x1616;2611456;99789081;5794646;3026816;3537892;
1617x1617;2614689;100109564;5796116;3043746;3430608;
1618x1618;2617924;100301775;5779705;2977194;3429884;
1619x1619;2621161;100435034;5801836;3002826;3432966;
1620x1620;2624400;100042683;5785244;3009884;3437084;
1621x1621;2627641;100289342;5790525;3034646;3517416;
1622x1622;2630884;99925424;5801709;3071482;3439539;
1623x1623;2634129;100513064;5811708;2998552;3444984;
1624x1624;2637376;100065962;5809746;3022641;3455684;
1625x1625;2640625;100626972;5816748;3079768;3445021;
1626x1626;2643876;99668052;5820302;3026004;3448664;
1627x1627;2647129;100793310;5815721;3021370;3455172;
1628x1628;2650384;102049394;5828332;3014732;3454114;
1629x1629;2653641;101043310;5856684;3067478;3461151;
1630x1630;2656900;100523200;5858472;3008124;3459954;
1631x1631;2660161;101483849;5836088;3031959;3459894;
1632x1632;2663424;101850410;5833846;3052862;3473817;
1633x1633;2666689;101471947;5837352;3036046;3473318;
1634x1634;2669956;101899346;5849686;3146936;3473736;
1635x1635;2673225;101043718;5845045;3055910;3479100;
1636x1636;2676496;102792120;5924358;3093528;3516698;
1637x1637;2679769;103217191;5871652;3079956;3470226;
1638x1638;2683044;103235224;5971752;3046708;3475797;
1639x1639;2686321;101831925;5904127;3046200;3479460;
1640x1640;2689600;102630782;5868756;3079193;3489424;
1641x1641;2692881;102534193;5882510;3084068;3501221;
1642x1642;2696164;102466937;5874360;3048799;3487756;
1643x1643;2699449;102858128;5917680;3040178;3534357;
1644x1644;2702736;103202210;5871902;3185722;3489138;
1645x1645;2706025;102298903;5942837;3058846;3490776;
1646x1646;2709316;102921693;5885736;3039650;3490220;
1647x1647;2712609;103322875;5886066;3069710;3525018;
1648x1648;2715904;103841057;5899670;3122061;3496716;
1649x1649;2719201;103118060;5900902;3101704;3495308;
1650x1650;2722500;103895821;5909966;3140900;3508219;
1651x1651;2725801;102274352;5966646;3106902;3501816;
1652x1652;2729104;103595894;5909146;3085990;3502272;
1653x1653;2732409;104739582;5912806;3064204;3508140;
1654x1654;2735716;103431382;5905262;3181678;3559434;
1655x1655;2739025;104597164;5917054;3091149;3508544;
1656x1656;2742336;104616520;5997662;3128346;3597942;
1657x1657;2745649;105137214;5927584;3067484;3517502;
1658x1658;2748964;104498903;5929907;3090511;3532295;
1659x1659;2752281;105091879;5933868;3153767;3520982;
1660x1660;2755600;105378403;5945786;3146408;3519995;
1661x1661;2758921;104524051;5952414;3154910;3523485;
1662x1662;2762244;104759240;5950754;3164467;3523866;
1663x1663;2765569;104542422;5993306;3238301;3526814;
1664x1664;2768896;105988140;5960680;3108167;3528942;
1665x1665;2772225;106340216;6446689;3345006;3864413;
1666x1666;2775556;106372696;6444678;3414446;3857666;
1667x1667;2778889;106512304;6451574;3347251;3883968;
1668x1668;2782224;105791088;6439658;3415594;3859626;
1669x1669;2785561;106618421;6471118;3363091;3869820;
1670x1670;2788900;106427930;6444593;3396829;3866814;
1671x1671;2792241;106350536;6459856;3460744;3869540;
1672x1672;2795584;106801419;6464007;3346258;3914577;
1673x1673;2798929;107008697;6477942;3429959;3892070;
1674x1674;2802276;106403522;6470654;3359576;3874338;
1675x1675;2805625;106334776;6486302;3368996;3877466;
1676x1676;2808976;107124264;6528828;3379977;3884473;
1677x1677;2812329;107210018;6481225;3475676;3957478;
1678x1678;2815684;107715948;6490162;3366624;3884116;
1679x1679;2819041;107570824;6542446;3442626;3887618;
1680x1680;2822400;107222960;6494043;3389360;3896372;
1681x1681;2825761;107743320;6497122;3415740;3894666;
1682x1682;2829124;107121105;6509302;3408868;3889649;
1683x1683;2832489;107800114;6505342;3412766;3896240;
1684x1684;2835856;108061949;6508304;3514889;3900116;
1685x1685;2839225;107957880;6511126;3486763;3901444;
1686x1686;2842596;107184932;6512178;3472267;3902936;
1687x1687;2845969;107657595;6591314;3415118;3907510;
1688x1688;2849344;107508022;6521553;3380716;3941420;
1689x1689;2852721;108792566;6540314;3418084;3910124;
1690x1690;2856100;108222288;6604666;3440922;3973126;
1691x1691;2859481;109081160;6539716;3430142;3915615;
1692x1692;2862864;108869458;6534823;3487752;3924286;
1693x1693;2866249;109952198;6556703;3389171;3916984;
1694x1694;2869636;110382920;6546958;3407680;3928873;
1695x1695;2873025;109159715;6640400;3427680;4047054;
1696x1696;2876416;109510541;6595822;3615002;3927926;
1697x1697;2879809;109788920;6556059;3398985;3940470;
1698x1698;2883204;110638914;6585578;3499586;3934811;
1699x1699;2886601;110697968;6564612;3399494;3935398;
1700x1700;2890000;110603476;6699228;3418808;3942864;
1701x1701;2893401;110710233;6572796;3431054;3975248;
1702x1702;2896804;110257508;6575136;3510324;3944177;
1703x1703;2900209;110566196;6585351;3452077;3976478;
1704x1704;2903616;109848334;6574184;3457456;3943259;
1705x1705;2907025;111278556;6591140;3413117;3956612;
1706x1706;2910436;110974202;6677270;3429956;3979272;
1707x1707;2913849;111385044;6599674;3424809;3950254;
1708x1708;2917264;110542955;6607926;3421420;3953394;
1709x1709;2920681;111792110;6621221;3468205;3979442;
1710x1710;2924100;111955622;6609918;3491792;3959766;
1711x1711;2927521;111922034;6607880;3450568;3959585;
1712x1712;2930944;112420332;6616756;3546934;3968968;
1713x1713;2934369;112105762;6628620;3437208;3970236;
1714x1714;2937796;111530234;6621997;3526020;4076277;
1715x1715;2941225;112288459;6627070;3501116;3979014;
1716x1716;2944656;112705356;6641320;3544514;3968934;
1717x1717;2948089;112788136;6631685;3456563;4072276;
1718x1718;2951524;113154498;6635007;3449501;3993618;
1719x1719;2954961;112235902;7146111;3639710;4322825;
1720x1720;2958400;111292602;6684636;3469100;3987536;
1721x1721;2961841;112280650;6697626;3489886;3983773;
1722x1722;2965284;112712258;6692779;3503840;4014640;
1723x1723;2968729;113976717;6661384;3525097;4001674;
1724x1724;2972176;113557468;7350442;3762752;4230380;
1725x1725;2975625;133858612;7249161;4157284;4144390;
1726x1726;2979076;119953332;7237398;3552399;4183829;
1727x1727;2982529;120696830;6770320;3917030;4526278;
1728x1728;2985984;123690076;7257334;5192496;4499456;
1729x1729;2989441;114782270;6645849;3445905;4084373;
1730x1730;2992900;115126761;6639562;3495651;4040610;
1731x1731;2996361;115005696;6655093;3457066;3992618;
1732x1732;2999824;115233585;6689148;3471855;4027134;
1733x1733;3003289;114175074;6732326;3551847;4077832;
1734x1734;3006756;114535274;6654942;3476370;4005243;
1735x1735;3010225;114719537;6704910;3461052;4066276;
1736x1736;3013696;115547485;6898758;3481076;4111364;
1737x1737;3017169;114653643;6671244;3558575;4003322;
1738x1738;3020644;115995888;6667562;3507762;4013961;
1739x1739;3024121;115834035;6686147;3526941;4007822;
1740x1740;3027600;114972200;6685674;3524864;4022075;
1741x1741;3031081;115301496;6694310;3472580;4098076;
1742x1742;3034564;117477799;6712152;3524714;4014291;
1743x1743;3038049;116235163;6725807;3522638;4021780;
1744x1744;3041536;115946383;6702178;3520684;4027611;
1745x1745;3045025;116267346;6894400;3565998;4032147;
1746x1746;3048516;116260798;6735086;3530626;4171168;
1747x1747;3052009;116727902;6801541;3484912;4088869;
1748x1748;3055504;117714761;6727080;3536250;4025930;
1749x1749;3059001;116263812;6721056;3521642;4041758;
1750x1750;3062500;116276870;6720806;3496423;4040802;
1751x1751;3066001;115976649;6726215;3494762;4056126;
1752x1752;3069504;117450556;6728648;3645773;4128708;
1753x1753;3073009;117150215;6758752;3503844;4113671;
1754x1754;3076516;117624340;6741068;3611654;4046580;
1755x1755;3080025;117409955;6735229;3497814;4056606;
1756x1756;3083536;118263396;6748331;3525082;4047904;
1757x1757;3087049;118816589;6758979;3537942;4050530;
1758x1758;3090564;118601034;6751713;3515823;4067542;
1759x1759;3094081;118337062;6765368;3518644;4120073;
1760x1760;3097600;118855884;6822286;3588028;4067008;
1761x1761;3101121;119239170;6777398;3509718;4308522;
1762x1762;3104644;119449185;6766433;3515012;4061936;
1763x1763;3108169;118578920;6782464;3513739;4069296;
1764x1764;3111696;119430358;6806757;3565303;4068363;
1765x1765;3115225;117836553;6859262;3571180;4084554;
1766x1766;3118756;119675519;6831438;3600312;4085432;
1767x1767;3122289;120023420;6844812;3536080;4076684;
1768x1768;3125824;120440186;6794430;3636535;4075512;
1769x1769;3129361;119094217;6872554;3528401;4087907;
1770x1770;3132900;120475703;6807720;3534234;4081290;
1771x1771;3136441;119685192;6807146;3535059;4112296;
1772x1772;3139984;120623163;6816428;3568395;4098180;
1773x1773;3143529;120580366;6962760;3584816;4116208;
1774x1774;3147076;120245116;6821780;3631072;4220640;
1775x1775;3150625;121748783;6858757;3541437;4116092;
1776x1776;3154176;120651009;6813522;3807642;4096358;
1777x1777;3157729;121755946;6826032;3640395;4107261;
1778x1778;3161284;121861841;6833334;3614759;4099009;
1779x1779;3164841;120999440;6864875;3551284;4106774;
1780x1780;3168400;121836914;6887082;3617172;4168616;
1781x1781;3171961;121352960;6877629;3627907;4135869;
1782x1782;3175524;121332778;6971014;3566209;4119724;
1783x1783;3179089;122149128;6851136;3573792;4178130;
1784x1784;3182656;120220132;6848131;3557767;4118876;
1785x1785;3186225;122529602;6897662;3646470;4115780;
1786x1786;3189796;122320330;6860486;3614633;4164415;
1787x1787;3193369;122357980;6874243;3567361;4120772;
1788x1788;3196944;121885352;6871166;3628390;4126148;
1789x1789;3200521;122907809;6878426;3652837;4169544;
1790x1790;3204100;122979300;6878836;3567676;4191244;
1791x1791;3207681;122602656;6930120;3636264;4133992;
1792x1792;3211264;122817526;6895804;3571685;4134872;
1793x1793;3214849;121812500;7468786;3886106;4573797;
1794x1794;3218436;123890116;7556622;3889330;4491116;
1795x1795;3222025;122946510;7436684;3870408;4559416;
1796x1796;3225616;122395202;7434106;3938354;4559584;
1797x1797;3229209;122199988;7493485;3881335;4603604;
1798x1798;3232804;123539474;7450733;3897001;4649424;
1799x1799;3236401;125033515;7436562;3887115;4551146;
1800x1800;3240000;124856630;7461652;3911335;4517396;
1801x1801;3243601;124385962;7437221;3898774;4563105;
1802x1802;3247204;123856112;7435827;3930754;4574146;
1803x1803;3250809;124852230;7445989;3929408;4560752;
1804x1804;3254416;123473266;7449111;3891481;4566192;
1805x1805;3258025;123103884;7504778;3905820;4575990;
1806x1806;3261636;124068920;7556313;3917600;4621562;
1807x1807;3265249;125422058;7456076;3912360;4556429;
1808x1808;3268864;125695227;7501590;3904397;4582003;
1809x1809;3272481;124797420;7465236;3907382;4648926;
1810x1810;3276100;124491305;7484113;3899342;4635615;
1811x1811;3279721;126192814;7473394;3917596;4610684;
1812x1812;3283344;125078656;7482282;3905669;4680119;
1813x1813;3286969;126191786;7518422;3918025;4671626;
1814x1814;3290596;125115737;7484612;3917960;4701857;
1815x1815;3294225;125808306;7539134;3940858;4632629;
1816x1816;3297856;126893656;7495950;3942318;4663844;
1817x1817;3301489;126062146;7587603;3962070;4583000;
1818x1818;3305124;125507996;7501556;3925532;4775976;
1819x1819;3308761;126670916;7510158;3924154;4559482;
1820x1820;3312400;126628319;7512131;3926773;4772462;
1821x1821;3316041;127526006;7514361;3979302;4699002;
1822x1822;3319684;127305452;7532982;3924568;4650234;
1823x1823;3323329;127873844;7534218;3955918;4722434;
1824x1824;3326976;125893314;7536396;3975516;4649138;
1825x1825;3330625;127228763;7600609;3934378;4689236;
1826x1826;3334276;125872824;7539832;3935574;4661828;
1827x1827;3337929;126707033;7550110;3988536;4663793;
1828x1828;3341584;126744800;7555048;3948710;4677240;
1829x1829;3345241;127947049;7621790;3973218;4726178;
1830x1830;3348900;127159678;7564496;4063984;4683110;
1831x1831;3352561;128029827;7608388;3957252;4593034;
1832x1832;3356224;127873219;7561240;3969370;4733976;
1833x1833;3359889;128469316;7639934;3960234;4721412;
1834x1834;3363556;129124798;7581346;3957304;4677233;
1835x1835;3367225;129382168;7894204;3963154;4636358;
1836x1836;3370896;130161936;7591160;3975948;4817653;
1837x1837;3374569;130093998;7591489;3988652;4756114;
1838x1838;3378244;129503854;7659966;3983184;4676163;
1839x1839;3381921;129141683;7670624;3999760;4718668;
1840x1840;3385600;129579436;7596892;4020632;4695198;
1841x1841;3389281;129727690;7602115;3970089;4656714;
1842x1842;3392964;128365064;7739570;3978812;4782188;
1843x1843;3396649;128658352;7611144;4011758;4784828;
1844x1844;3400336;130396746;7628020;4083530;4744006;
1845x1845;3404025;130990164;7632016;3976955;4645118;
1846x1846;3407716;130769766;7671532;3972098;4628398;
1847x1847;3411409;132136198;7626004;3991814;4728926;
1848x1848;3415104;131771964;7730090;4000339;4742152;
1849x1849;3418801;130836602;7637949;4020532;4774218;
1850x1850;3422500;132505148;7640813;4013410;4811540;
1851x1851;3426201;130449385;8150400;4040123;4675564;
1852x1852;3429904;132294308;7655604;4063214;4682146;
1853x1853;3433609;130875422;7794656;3993166;4840270;
1854x1854;3437316;132646248;7653349;4014434;4712131;
1855x1855;3441025;131782924;7678746;4020199;4709079;
1856x1856;3444736;132278656;7997556;4005244;4727666;
1857x1857;3448449;131691276;7759934;4023514;4675725;
1858x1858;3452164;131394305;7629390;3988352;4674140;
1859x1859;3455881;132624180;7693862;4001052;4746976;
1860x1860;3459600;131596212;7661986;4026154;4718124;
1861x1861;3463321;132240888;7646695;4022407;4848276;
1862x1862;3467044;132528390;7648517;4048626;4781180;
1863x1863;3470769;133760094;7800482;4043978;4728966;
1864x1864;3474496;134326144;7703882;4017993;4713038;
1865x1865;3478225;134078476;7666300;4007064;4676872;
1866x1866;3481956;133618264;7753628;4026908;4756856;
1867x1867;3485689;134036853;7664148;4092424;4712830;
1868x1868;3489424;133962608;7917443;4020286;4734154;
1869x1869;3493161;134456413;7725693;4024226;4711388;
1870x1870;3496900;133394881;7727941;4016006;4742383;
1871x1871;3500641;134562562;7678883;4017497;4729164;
1872x1872;3504384;134162316;7685634;4045968;4695316;
1873x1873;3508129;134477344;7754119;4075896;4680751;
1874x1874;3511876;134006974;7836194;4029018;4771562;
1875x1875;3515625;134464512;7760723;4076857;4780752;
1876x1876;3519376;134342573;7745432;4041616;4814690;
1877x1877;3523129;134859705;7713098;4167566;4688826;
1878x1878;3526884;134091872;7715182;4052213;4807274;
1879x1879;3530641;135771610;7858600;4099171;4695248;
1880x1880;3534400;134539393;7856838;4159653;4838224;
1881x1881;3538161;135965270;7721330;4120605;4836984;
1882x1882;3541924;135634173;7730228;4044366;4706198;
1883x1883;3545689;136214954;7782300;4098056;4776105;
1884x1884;3549456;135605102;7735682;4117512;4757904;
1885x1885;3553225;136502192;7742302;4177876;4823420;
1886x1886;3556996;135139814;7948120;4088621;4714295;
1887x1887;3560769;137079978;7747454;4053003;4882706;
1888x1888;3564544;136856646;7808649;4052138;4768287;
1889x1889;3568321;137179436;7752936;4054970;4786746;
1890x1890;3572100;136170746;7785714;4059514;4781504;
1891x1891;3575881;135596843;7761837;4134063;4941089;
1892x1892;3579664;137996674;7774980;4061941;4809462;
1893x1893;3583449;137028258;7830278;4075086;4730988;
1894x1894;3587236;137984424;7791263;4083098;4889781;
1895x1895;3591025;138259779;7796564;4109648;4805976;
1896x1896;3594816;137985704;7834246;4100172;4898912;
1897x1897;3598609;138823081;7882966;4077683;4823148;
1898x1898;3602404;137477932;7794032;4082360;4811392;
1899x1899;3606201;137617200;8032946;4113804;4847389;
1900x1900;3610000;138205028;7800629;4100266;4752408;
1901x1901;3613801;136721990;7929553;4122665;4839985;
1902x1902;3617604;136528513;7868055;4151351;4852123;
1903x1903;3621409;138633370;7818460;4127306;4939218;
1904x1904;3625216;139508148;7849873;4103650;4948600;
1905x1905;3629025;138358740;7921430;4150038;4813160;
1906x1906;3632836;139128819;7831349;4190204;5085909;
1907x1907;3636649;138627326;7882630;4107516;4847959;
1908x1908;3640464;138124464;7834298;4106846;4838297;
1909x1909;3644281;140321754;7837268;4107196;4771670;
1910x1910;3648100;139503297;7932281;4133821;4939424;
1911x1911;3651921;139274577;7866718;4102408;4811579;
1912x1912;3655744;140437032;7846091;4236098;4780504;
1913x1913;3659569;140918340;7852726;4115694;4825667;
1914x1914;3663396;138818644;7900102;4109518;4839635;
1915x1915;3667225;139932812;8028878;4119388;4925312;
1916x1916;3671056;141161540;7869471;4125302;4928014;
1917x1917;3674889;140234772;7993746;4124863;4954470;
1918x1918;3678724;140687177;7928128;4137648;4869208;
1919x1919;3682561;141202894;7878674;4132196;4882528;
1920x1920;3686400;140402843;7919699;4132178;4846418;
1921x1921;3690241;141712685;8484043;4522300;5270174;
1922x1922;3694084;142010322;8493403;4440024;5166988;
1923x1923;3697929;141894312;8465215;4446880;5239478;
1924x1924;3701776;141817804;8628457;4455582;5245094;
1925x1925;3705625;142126608;8489678;4527218;5188144;
1926x1926;3709476;142514883;8516880;4477308;5291138;
1927x1927;3713329;144218880;8923150;4477186;5260638;
1928x1928;3717184;141992890;8560442;4471289;5300690;
1929x1929;3721041;141914136;8597880;4462195;5229956;
1930x1930;3724900;142758385;8520762;4471802;5234697;
1931x1931;3728761;142462438;8506586;4518709;5392244;
1932x1932;3732624;143577514;8492135;4511996;5287307;
1933x1933;3736489;143626356;8821560;4466788;5212751;
1934x1934;3740356;142798172;8649384;4473350;5349616;
1935x1935;3744225;143923260;8684110;4535130;5233306;
1936x1936;3748096;145245806;8574867;4572165;5364981;
1937x1937;3751969;144164510;8537042;4517620;5389179;
1938x1938;3755844;142976768;8562112;4487934;5225965;
1939x1939;3759721;143977452;8714042;4492594;5229214;
1940x1940;3763600;144508771;8528064;4492225;5214664;
1941x1941;3767481;144130298;8529383;4492712;5225527;
1942x1942;3771364;144060367;8672079;4485430;5243815;
1943x1943;3775249;144199876;8598322;4497190;5259277;
1944x1944;3779136;144835616;8660008;4537570;5323486;
1945x1945;3783025;145645584;8573498;4563496;5334120;
1946x1946;3786916;145135116;8715264;4502553;5245686;
1947x1947;3790809;145765314;8796943;4530016;5282444;
1948x1948;3794704;145386674;8840464;4526903;5282418;
1949x1949;3798601;144892330;8574922;4507708;5257202;
1950x1950;3802500;144998596;8564591;4509306;5357570;
1951x1951;3806401;143837614;8718890;4520004;5291149;
1952x1952;3810304;145284458;8586328;4534910;5250674;
1953x1953;3814209;147199395;8859343;4514986;5276265;
1954x1954;3818116;146446990;8623862;4514513;5303091;
1955x1955;3822025;145359194;8728374;4528554;5301832;
1956x1956;3825936;145781781;8664710;4520414;5322156;
1957x1957;3829849;146339314;8620778;4531494;5275309;
1958x1958;3833764;146586464;8943738;4540490;5445648;
1959x1959;3837681;146719878;8678793;4583084;5304094;
1960x1960;3841600;146830320;8672421;4561412;5370035;
1961x1961;3845521;147889300;8629108;4540454;5384568;
1962x1962;3849444;147102987;8672236;4538009;5288822;
1963x1963;3853369;148245176;8810988;4530780;5296179;
1964x1964;3857296;148081989;8629866;4554474;5327622;
1965x1965;3861225;148242190;8647955;4621608;5360734;
1966x1966;3865156;148035740;8657439;4556206;5749732;
1967x1967;3869089;149460770;8713120;4638834;5379662;
1968x1968;3873024;148287284;8768716;4556193;5404130;
1969x1969;3876961;148797633;8707617;4561183;5312078;
1970x1970;3880900;149373357;8667068;4572830;5495926;
1971x1971;3884841;149425854;8692122;4569800;5321062;
1972x1972;3888784;149593968;8689033;4562656;5421384;
1973x1973;3892729;149253505;8868381;4573363;5322362;
1974x1974;3896676;148994408;8673534;4575568;5327318;
1975x1975;3900625;149618070;8702569;4569721;5369292;
1976x1976;3904576;149283290;8787212;4585193;5510190;
1977x1977;3908529;150153444;8744134;4563757;5416842;
1978x1978;3912484;149855946;8754176;4569590;5386810;
1979x1979;3916441;150528226;8713860;4560066;5385414;
1980x1980;3920400;150608091;8709630;4575504;5355488;
1981x1981;3924361;150599077;8723988;4584172;5330823;
1982x1982;3928324;148218113;8858018;4573301;5349723;
1983x1983;3932289;151465997;8720349;4580422;5370886;
1984x1984;3936256;150052683;8859122;4708834;5502896;
1985x1985;3940225;149414694;8779666;4588086;5326042;
1986x1986;3944196;150020470;8686692;4705043;5396354;
1987x1987;3948169;151077617;8721642;4624002;5420444;
1988x1988;3952144;150447152;8815898;4608902;5366386;
1989x1989;3956121;150512829;8775607;4603862;5481841;
1990x1990;3960100;152071990;8756632;4590035;5385306;
1991x1991;3964081;151735116;8704360;4589859;5508910;
1992x1992;3968064;149463444;8708017;4589796;5405384;
1993x1993;3972049;153668084;8709702;4586438;5387464;
1994x1994;3976036;153076045;9018796;4605222;5374688;
1995x1995;3980025;151750927;8885510;4609495;5374874;
1996x1996;3984016;152800169;8743612;4587844;5384788;
1997x1997;3988009;152296914;8749058;4592757;5389096;
1998x1998;3992004;152858332;8857309;4611499;5403666;
1999x1999;3996001;153818520;9268257;4888952;5875796;
2000x2000;4000000;166666161;9501797;4730422;5646023;